row_num,description,brand,sku,price,primary_category,sub_category_1,sub_category_2,quantity
334,AAA 1.5V High Performance Alkaline Batteries - Long Lasting - All Purpose Batteries; 24 Count I VitPro,VitPro,976966156,7.8,Household Essentials,Batteries,AA Batteries,14
295,Aleve Liquid Gels; Naproxen Sodium for Pain Relief - 20 Count,Aleve,996501879,10.05,Health and Medicine,Pain management,Acetaminophen,7
16,Neutrogena Stubborn Acne Spot Drying Acne Treatment; 10% Sulfur; 1 oz,Neutrogena,513644120,14.97,Beauty,Skin Care,Acne Treatments,72
83,Clean & Clear Morning Burst Oil-Free Exfoliating Face Scrub; 5 oz,Clean & Clear,10801445,5.74,Beauty,Skin Care,Acne Treatments,97
170,LAKeyen Caterpillar & Friends Discovery Walker Ages 6 months +,LAKeyen,1539978657,151.37,Baby,Baby Activities & Gear,Activity Centers,71
434,YuMe Brand Baby Shark Entertainer Activity Mat – Sensory & Sounds; Unisex; 1-Pack,Maxx Marketing; YuMe Toys,607881275,45.95,Baby,Baby Activities & Gear,Activity Centers,30
93,Charmin Flushable Wipes; 12 packs of 40 Flushable Wipes; 480 Wipes Total (Packaging May Vary),Charmin,1088155061,39.42,Personal Care,Incontinence,Adult Wipes,3
191,Goodwipes Flushable & Biodegradable Wipes with Botanicals; Lavender; 3 Packs (150 Total Wipes),Goodwipes,948359201,8.78,Personal Care,Incontinence,Adult Wipes,57
268,"Cardinal Health Wings Flushable Rinse-Free Personal Wipe 9 x 13"" 2AWUF-42; 12 Pack 528 Wipes",Cardinal Health,904751122,51.27,Personal Care,Incontinence,Adult Wipes,84
309,Goodwipes Flushable & Biodegradable Wipes with Botanicals; Cedar; 3 Pack (150 Total Wipes),Goodwipes,101683831,8.78,Personal Care,Incontinence,Adult Wipes,59
75,Zero Odor Commercial Odor Eliminator Spray Air & Surface Deodorizer Smell Remover Refill 128 oz,Zero Odor,109168865,74.99,Household Essentials,Air Fresheners,Air Freshener Refills,72
473,5Pcs Filters for iHome Filter Autovac Nova Self Empty Robot Vacuum Cleaner Parts,JINGT,1573889723,8.99,Home Improvement,Heating; Cooling; & Air Quality,Air Quality,60
226,Air Wick Stick Ups Air Freshener; Lavender and Chamomile; 2 Count,Air Wick,193722490,6.55,Household Essentials,Household Essentials by Brand,Air Wick,67
30,Citrus Magic On The Go Solid Air Freshener for Auto; Tropical Citrus; 8 Ounce,Citrus Magic,16817421,4.18,Household Essentials,Air Fresheners,All Air Fresheners,93
96,5Pc 3-Pack Raspberry Air Refresheners,Renuzit,652287383,35.3,Household Essentials,Air Fresheners,All Air Fresheners,93
213,Treefrog Natural Air Freshener; Black Squash,Treefrog,197226096,10.99,Household Essentials,Air Fresheners,All Air Fresheners,32
461,Panasonic CR2 3.0V Photo Lithium Battery - 8 Pack + 30% Off!,Panasonic,409540031,17.2,Household Essentials,Batteries,All Batteries,98
458,Promotion Clearance!12 Colors Waterproof Liquid Diamond Eye Shadow Glitter Shimmer Eyeshadow Long Lasting Eyes Makeup Cosmetic A1,Abcelit,266748379,7.99,Beauty,Makeup,All Makeup,51
8,Bug Zapper; Electronic LED Mosquito Zappers Killer Insect Fly Trap; Waterproof Bug Zapper for Indoor and Outdoor Patio Backyard，Wall Mounted;C13,MDHAND,254479546,15.39,Household Essentials,Pest Control,All Pest Control,71
183,Multifunctional Adjustable USB Rechargeable Anti Insect Bug Zapper,Katigan,100363538,37.77,Household Essentials,Pest Control,All Pest Control,64
211,Bug Zapper; 4000V High Powered Electric Mosquito Zapper; Fly Trap for Indoor and Outdoor; Waterproof Mosquito Killer with 15W Mosquito Light Bulb for Home; Bedroom; Kitchen; Office; Backyard,Camkey,573285929,22.99,Household Essentials,Pest Control,All Pest Control,20
243,Exterminators Choice Lizard Defense Spray; Quick and Easy Pest Control; 32 Ounce; 2 Pack,Exterminators Choice,568789353,32.99,Household Essentials,Pest Control,All Pest Control,13
296,Bug Zapper;Electric Mosquito Zapper & Fly Zapper for Indoor Outdoor;Portable Light Bulb Insect Killer for Home; Kitchen; Backyard; Camping,Color Profit Kids,476072536,18.33,Household Essentials,Pest Control,All Pest Control,37
358,HOTBEST Bug Battery Operated Electronic Fly Swatter Handheld Electric Bat Mosquito Insect Wasp Zapper Killer for Indoor Outdoor Travel Camping,HOTBEST,340854504,13.09,Household Essentials,Pest Control,All Pest Control,98
439,American Hydro Systems Repel and Fertilize Pack; NS2 NatureShield Low Odor Insect Pest Repellant and 2655 GrassSoGreen Liquid Fertilizer,American Hydro Systems,326910557,53,Household Essentials,Pest Control,All Pest Control,55
28,Hi;FANCY Cling Film  for Wrap Storage Holder Box Stainless Steel Preservative Film Dispenser Seal Aluminum Foil Wax Paper Cutter,Top Dream Furniture,662974013,16.38,Household Essentials,Paper & Plastic,Aluminum Foil,89
154,YUEHAO Kitchen Gadgets Disposable Aluminum Foil Tin Box Square Aluminum Foil Box Baking Color Tin Paper Box Cooking Utensils E,YUEHAO,1494442968,3.49,Household Essentials,Paper & Plastic,Aluminum Foil,16
220,ForestYashe Thick Heavy Duty Household Aluminum Foil Roll Food Safe Foil Wrap Barbecue Tinfoil Kitchen Tools Bakeware,ForestYashe,1515548167,6.09,Household Essentials,Paper & Plastic,Aluminum Foil,24
294,100x Square Foil Wrapper Wrapping for Sweets Candy Chocolate Lolly Wedding Dark Blue,menolana,1837375792,6.69,Household Essentials,Paper & Plastic,Aluminum Foil,31
328,100pcs Aluminum Foil Chocolate Candy Wrapper 16x16cm Gold,Baoblaze,786756793,12.18,Household Essentials,Paper & Plastic,Aluminum Foil,76
150,Tim Hortons 100% Arabica Medium Roast Whole Bean Coffee; 12 oz; (Pack of 6),Tim Hortons,42371340,47.06,Food,Coffee,Arabica Coffee,13
375,Maud's Dark Roast Decaf Coffee (Decaf Tall Dark and Handsome); 100ct. Recyclable Single Serve Decaf Dark Roast Coffee Pods – 100% Arabica Coffee California Roasted; Keurig Dark Decaf K Cups Compatible,Maud's Coffee & Tea,293447858,39.39,Food,Coffee,Arabica Coffee,59
263,Flower Bouquet Realistic Bridal Bouquet Ornament Nordic for Table Party Wedding - Orange yellow,CUTICATE,1099007289,13.44,Home,Decor,Artificial Plants and Flowers,59
132,LITTLE TREES Black Ice Little Tree Air Freshener- 24 Pack,LITTLE TREES,679936191,15.45,Auto & Tires,Auto Detailing & Car Care,Auto Air Fresheners,85
388,LITTLE TREES Car Air Fresheners 6 Pack; Blackberry Clove,LITTLE TREES,751210913,7.83,Auto & Tires,Auto Detailing & Car Care,Auto Air Fresheners,47
420,Little Trees Car Air Freshener 3-PACK (Caribbean Colada),LITTLE TREES,935730226,5.62,Auto & Tires,Auto Detailing & Car Care,Auto Air Fresheners,19
417,Tadpoles Organic Palm Leaf Moses Basket,Tadpoles,55268991,69.99,Baby,Nursery & Decor,Baby Bassinets & bedside sleepers,75
168,Baby Bibs Burp Cloths Bath Towel Nursing Cover Breast Feeding Privacy Cover Comfortable,Bestgoods,414390354,13.69,Baby,Health & Safety,Baby Bath,16
175,Baozhu Hooded Bath Towels with Sqare Towels for Toddlers/babies Boys and Girls; Infant Towels and Washcloths; Kids Bath Essentials,Baozhu,554519981,18.88,Baby,Health & Safety,Baby Bath,25
153,TL Care 100% Natural Cotton Percale Fitted Mini Crib Sheet; White; 24 x 38; Soft Breathable; for Boys and Girls,TL Care Inc,48519890,10.62,Baby,Nursery & Decor,Baby Bedding,26
3,CE003-03-2 Ring sling Air-O size 2 AQUA Baby carrier,Chimparoo,151317860,84.69,Baby,Baby Activities & Gear,Baby Carriers,80
125,Amerteer Ergonomic Baby Carrier Backpack; Lightweight Windproof 4 Positions Front and Back Wrap Rider;360° Ergonomic All Season Baby & Child Infant Toddler Newborn Carrier Backpack,Amerteer,803098661,21.99,Baby,Baby Activities & Gear,Baby Carriers,61
89,Carter's by DaVinci Nolan 4-in-1 Convertible Crib in Espresso,Carter's by DaVinci,591800258,249,Baby,Nursery & Decor,Baby Cribs,2
323,Juebong Baby Romper Deals Toddler Baby Cute Funny Shark Print Swaddle Wrap Newborn Keep Warm Blanket Zipper Swaddle,Juebong,1652538424,22.99,Baby,Nursery & Decor,Baby Cribs,56
254,Little Love by NoJo Aztec Fox and Owl Musical Mobile; Green; Gold; Unisex Infant Nursery,Little Love by NoJo,583163326,25.99,Baby,Nursery & Decor,Baby Decor,50
261,Gerber Baby Cereal; 2nd Foods; Probiotic Oatmeal Peach Apple; 8 OZ (Pack of 4),Gerber,1079006156,26.94,Baby,Feeding,Baby Food,54
78,1X Safe Baby Nail Clipper Infant Toe & Fingernails Trimmer Scissors Baby Nail Care Nail Tool; Color Random,Generic,753605014,6.26,Baby,Health & Safety,Baby Grooming,58
187,Promotion!Baby Health Care Kits Baby Nail Care Set Electric Baby Toddler Nail Trimmer Clippers Storage Box for traveling;Sky Blue,Bullpiano,881959927,12.5,Baby,Health & Safety,Baby Grooming,64
278,Baby Grooming Kit Newborn Baby Grooming Tool Set Manicure Baby Healthcare Set Nail Clipper Hair Brush Tool Set,KCYSTA,383402970,16.86,Baby,Health & Safety,Baby Grooming,29
327,Dreambaby® Premium Nail Clippers with Magnifier,Dreambaby,55486564,15.95,Baby,Health & Safety,Baby Grooming,27
401,OBOSOE Baby Nail Trimmer;Electric Baby Nail Clipper;Manicure Kit For Newborn;Toddler Or Adult;6 Grinding Heads And LED Light;Baby Grooming Set,OBOSOE,478711434,13.49,Baby,Health & Safety,Baby Grooming,41
10,Winfun Multi Color Grow With Me Melody Gym - Girl or Boy Item,WinFun,55684970,52,Baby,Baby Activities & Gear,Baby Gyms & Playmats,45
146,Bright Starts 5-in-1 Your Way Ball Play - Jumbo Play Mat Converts to Ball Pit Baby Gym; Newborns to Toddlers - Totally Tropical (Green),Bright Starts,204091837,49.99,Baby,Baby Activities & Gear,Baby Gyms & Playmats,13
249,SheaMoisture Raw Shea Chamomile and Argan Oil Baby Lotion; 8 Fluid Ounce -- 1 Each.,SheaMoisture,223062919,26.18,Baby,Diapering,Baby Oils & Lotions,81
221,Child Safety Door Locks; WeGuard 2 Pack Adhesive Baby Proof Cabinet Locks and Refrigerator Fridge Freezer Door Lock for Toddler Kids; Drawer Latches for Doors No Drill,WeGuard,920692559,9.99,Baby,Health & Safety,Baby Proofing,0
200,Kuluzego Adult Spa inflatable Cushion Chair Backrest with Suction Cup inflatable Cushion,Kuluzego,1133144377,30.97,Baby,Health & Safety,Baby Proofing for Newborns,84
356,Hazel Tech Travel Bassinet-Folding Portable Bassinet;Bassinet for Baby;Portable Bassinet with Mosquito Net;Easy to Fold and Lightweight; Breathable Infant Sleeping Basket With Toys,Hazel Tech,670970363,32.47,Baby,Health & Safety,Baby Proofing for Newborns,5
24,Yucca Root Sulfate-Free Cleansing and Volumizing Shampoo with Elderberry (High in Vitamins A & C),Princess Mudd,739958112,19.71,Baby,Bath & Potty,Baby Toiletries,97
433,"""18 PACKS : Johnson's Baby Oil; Aloe Vera and Vitamin E; 20 Ounce""",Johnson's,366056999,147.29,Baby,Bath & Potty,Baby Toiletries,70
100,YBIKE Pewi Elite Ride-On Walking Buddy,YBIKE,175719078,64.99,Baby,Baby Activities & Gear,Baby Walkers,6
350,Baby Einstein Sky Explorers Walker with Wheels & Activity Center; Ages 6 Months +,Baby Einstein,1108843626,122.99,Baby,Baby Activities & Gear,Baby Walkers,15
171,Natracare Organic Cotton Intimate Wipes Infused with Organic Essential Oils of Chamomile; Calendula and French Rose; 12 Wipes per Pack (1 Pack; 12 Wipes Total),Natracare,1505642145,15.54,Baby,Diapering,Baby Wipes,19
393,Royal Paper Products Unscented Baby Wipes Tub; White; 960 / Carton (Quantity),Royal,153571269,76.02,Baby,Diapering,Baby Wipes,35
260,Unbleached Parchment Paper - 205-Square Foot Roll Non-Stick Baking Pan Liner; with Built-In Paper Cutter In Box; for Temperatures Up To 450-F; Bakery; Kitchen Cooking Use; Brown; 15 inches x 164 Feet,Juvale,119973010,14.99,Home,Kitchen & Dining,Bakeware,82
467,Desktop Calculator 12 Digit with Large LCD Display and Sensitive Button; Solar and Battery Dual Power; Standard Function for Office; Home; School; CD-2786,Catiga Electronics,563631296,9.97,Office Supplies,Calculators,Basic Calculators,6
55,SweatBlock Clinical Protection DRIBOOST Antiperspirant Wipes; 10ct Box,SweatBlock,932720563,19.99,Beauty,Here for Every Beauty,Bath & Body,32
29,BadPiggies 3Pcs Exfoliating Back Scrubber Shower Bathing Set for Men Women; Loofah Sponge & Exfoliating Mitt Glove & Back Scrubber (Coral Pink),Bad Piggies,188543765,8.49,Personal Care,Bath & Body,Bath & Shower,83
201,Back Scrubber Exfoliating Long Handled Bath Shower Brush for Men Women New Hangable Bath Brush Shower Brush - Plain Powder,Generic,1403494407,7.7,Personal Care,Bath & Body,Bath & Shower,37
257,Premium Natural Bristle Wooden Bath Shower Body Back Dry Skin Brush Spa Scrubber,AllTopBargains,812347027,9.99,Personal Care,Bath & Body,Bath & Shower,54
438,Bath Body Skin LOTION APPLICATOR for Back POST-SHOWER Brush Sponge Pad,Guckmall,105936522,8.56,Personal Care,Bath & Body,Bath & Shower,97
477,Walbest Adjustable Kids Toddlers Shampoo Shower Bathing Bath Protect Ear Wash Hair Cap Hat; Wash Hair Shield; Shower Shield Guard Baby Shield Ear Protection Cap,Walbest,443319991,2.97,Personal Care,Bath & Body,Bath & Shower,26
118,6 PCS Shower Steamers -Aromatherapy Shower Bombs with Essential Oils for Relaxation,Pamolon,773957433,24.99,Beauty,Bath & Body,Bath Bombs; Bubble Baths & Soaks,35
140,Doctor Proctors Fart Powder: Time-Travel Bath Bomb; Pre-Owned  Paperback  0857076337 9780857076335 Jo Nesbo,Jo Nesbo,783937686,4.29,Beauty,Bath & Body,Bath Bombs; Bubble Baths & Soaks,81
43,Kaboom Scrub Free! Continuous Clean Toilet Cleaning Refill 2 Count Pack of 6,Kaboom,185716225,51.27,Household Essentials,Bathroom Cleaning Supplies,Bathroom Cleaners,69
84,New Lysol No Mess Automatic Toilet Bowl Cleaner Pack; Citrus; 2 Pack ; Each,Lysol,355779235,14.25,Household Essentials,Bathroom Cleaning Supplies,Bathroom Cleaners,46
219,Rust Remover Cleaning Foam Spray Destroying Bathroom Soap Scum for Porcelain Ceramics Use,DanBook,1626105668,8.74,Household Essentials,Bathroom Cleaning Supplies,Bathroom Cleaners,57
230,Mean Green Mildew Destroyer with Bleach 32 FL. OZ,Mean Green,1225871637,21.99,Household Essentials,Bathroom Cleaning Supplies,Bathroom Cleaners,99
284,RMR - Xtreme Soap Scum Remover; Fast-Acting; No-Scrub Bathroom Cleaner for Hard Water; Limescale; and Shower Tile Residue; Bleach-Free; 32-Fluid Ounce Spray Bottle,RMR Brands,1818403060,18.99,Household Essentials,Bathroom Cleaning Supplies,Bathroom Cleaners,58
98,Camille Rose Naturals Latte Define Leave-in Conditioner; 9oz,Camille Rose,286452608,17.99,Beauty,Black Owned Beauty Brands,Black Owned Hair Products,18
42,Clorox Germicidal Bleach; 121 ounce Jug; 3 Count,Clorox,472049206,36.55,Household Essentials,Laundry,Bleach,19
45,Twice as Fresh VEN 2979646 Heavy Duty Coin-Vend Powdered Chlorine Bleach; 1 Load; 100/carton By Brand Twice as Fresh,Twice as Fresh,630378465,75.98,Household Essentials,Laundry,Bleach,46
241,Clorox 764442854668 Liquid Bleach-121-Oz. Bottle-Case of 3; Original Version; 343 Ounce,Clorox,688683172,43.99,Household Essentials,Laundry,Bleach,46
271,Biz Liquid Boosters Stain and Odor Eliminator; 20 Loads Pack of 2,Biz,291572143,27.74,Household Essentials,Laundry,Bleach,61
412,100 Sheets Hair Removal Depilatory Nonwoven Epilator Wax Waxing Strip Paper,ForestYashe,331012518,5.09,Personal Care,Shaving,Body Hair Removal,89
1,Nuventin Anti-Wrinkle Retinol Cream with Hyaluronic Acid and Green Tea.  Anti-Aging Cream with Retinol for Wrinkles; Fine Lines; Dry Skin. 15 fl oz,Nuventin,420971989,14.99,Personal Care,Bath & Body,Body Lotions,3
15,Palmers Cocoa Butter Formula with Vitamin E; Bonus Size Skin Cream Jar; 9.5 oz,Palmer's,967987305,15.38,Personal Care,Bath & Body,Body Lotions,99
65,NIVEA Skin Firming Hydration Body Lotion with Q10 and Shea Butter; 16.9 Fl Oz Pump Bottle,NIVEA,37242082,9.22,Personal Care,Bath & Body,Body Lotions,75
236,Lubriderm Advanced Therapy Fragrance-Free Lotion; Vitamin E; 6 fl. oz,Lubriderm,46107828,8.18,Personal Care,Bath & Body,Body Lotions,14
427,Eucerin Advanced Repair Body Lotion; 16.9 Fl Oz Pump Bottle,Eucerin,10811050,10.84,Personal Care,Bath & Body,Body Lotions,91
489,Babo Botanicals - Miracle Moisturizing Cream,Babo Botanicals,49355392,13.52,Personal Care,Bath & Body,Body Lotions,25
193,Secret Dry Spray Aluminum Free Deodorant; Lavender and Hemp Seed Oil; 4.1oz.,Secret,878116145,6.47,Beauty,Fragrances,Body Spray,88
61,Olay Cleansing & Firming Body Wash with Vitamin B3 and Collagen; 17.9 fl oz,Olay,955868105,7.97,Personal Care,Bath & Body,Body Wash,39
195,Eucerin Eczema Relief Cream & Body Wash; Eczema Body Wash; 13.5 Fl Oz Bottle,Eucerin,274424851,12.28,Personal Care,Bath & Body,Body Wash,15
205,($20 VALUE) Dove Walmart Exclusive Refresh The Senses Bath and Body Gift Set; 4 Count,Dove,797141024,14.98,Personal Care,Bath & Body,Body Wash,56
330,L'ENVOL DE CARTIER/CARTIER SHOWER GEL 6.7 OZ (200 ML) (M),Cartier,146833206,24.95,Personal Care,Bath & Body,Body Wash,21
418,Johnson's Bedtime Baby Bubble Bath with Calming Aromas; 27.1 fl. oz,Johnson's,943792809,9.28,Personal Care,Bath & Body,Body Wash,43
442,Baby Formula Dispenser; Formula Containers ; Portable Milk Dispenser for Infant Toddler Travel; ; 800ml Pink,DYNWAVE,1337227504,11.61,Baby,Feeding,Bottle Feeding,95
66,Colombian Decaffeinated Cold Brew Or Hot Coffee Concentrate Bag Flavored Christopher Bean Coffee; 100% Arabica; No Sugar; No Fats; Made with Non-GMO Flavorings; 64-Ounce Bag,Christopher Bean,596408345,75,Food,Coffee,Bottled Coffee,76
77,Baby Kids Walkers Toy Cartoon Walker Stroller Multifunctional Baby Toddler Musical Toy,Pixnor,351816310,45.99,Baby,Baby Activities & Gear,Boy Walkers,25
376,CenturyX Baby Boy Girl Animal Design Bathrobe Baby Hooded Nightgown Bath Towel Kids Cardigan Clothes Grey 3-4 Years,CenturyX,930639027,19.09,Clothing,Kids Clothing,Boys Clothing,24
115,"Hommtina Woobie Blanket Military Tactical Army Poncho Liner 82"" (L) x 58"" (W) (OD Green)",Hommtina,102001510,29.99,Sports & Outdoors,Outdoor Sports,Camping Gear,72
235,Sawyer Permethrin Clothing and Fabric Insect Repellent Trigger Spray,Sawyer,21947774,31.8,Sports & Outdoors,Outdoor Sports,Camping Gear,44
286,Mrs. Meyer's Clean Day Scented Soy Candle Iowa Pine - 7.2 oz.,Mrs. Meyer's Clean Day,673264764,18.94,Home,Decor,Candles & Home Fragrance,25
500,Mrs. Meyer's Soy Candle; Iowa Pine; 7.2 OZ 7.2 Oz; Pack - 1,Mrs. Meyer's Clean Day,121084842,21.26,Home,Decor,Candles & Home Fragrance,78
359,Auto Drive Plush Microfiber Car Cleaning & Detailing Towels 8 Pack; Assorted Colors,Auto Drive,648492525,5,Auto & Tires,Auto Detailing & Car Care,Car Wash Supplies,1
167,BESTHUA Handheld Carpet Sweeper | Household Double-roller Table Carpet Brush | Multifunctional Manual Crumb Dirt Cleaner Tool for Floor Sofa Tablecloth,BESTHUA,1340385066,35.98,Household Essentials,Cleaning Supplies,Carpet & Floor Cleaners,4
256,Hoover Power Scrub Deluxe Carpet Washer; FH50150,Hoover,524680768,169.99,Household Essentials,Cleaning Supplies,Carpet & Floor Cleaners,71
347,Buster's Natural Waterless Oatmeal Mango Scent Shampoo for Dogs; Puppies; Cats and Other Pets - Plant-Based - Removes Odor - Safe and Non-Toxic,Buster's,531556964,14.95,Pets,Cats,Cat Grooming,52
279,Biotene Original Sugar Free Fluoride Toothpaste for Dry Mouth; Fresh Mint; 4.3 Oz,Biotene,26812577,6.72,Personal Care,Oral Care,Clean Living Oral Care,25
138,Grout-eez - Tile & Grout Cleaner For Floor Tiles 32oz,Clean-eez,770426667,19.95,Household Essentials,Cleaning Supplies,Cleaning Tools,98
266,Anself 2 Pcs Universal Fit Reusable Mop Pads; Durable with Magic Fabric Straps,Anself,421992327,9.98,Household Essentials,Cleaning Supplies,Cleaning Tools,26
282,Formula 409 35300 128 oz. Cleaner Degreaser Disinfectant Refill (4/Carton),Formula 409,36877141,60.68,Household Essentials,Cleaning Supplies,Cleaning Tools,70
468,JEHONN Shower Scrubber Refill; 2 Pcs Tub and Tile Cleaning Brush Head (Orange),JEHONN,1786159215,9.99,Household Essentials,Cleaning Supplies,Cleaning Tools,85
36,Clorox Healthcare Hydrogen Peroxide Hard Surface Disinfectant; 32oz Spray-1 Each,Clorox Healthcare,167999345,15.76,Household Essentials,Household Essentials by Brand,Clorox,93
366,Wrea Linen Hanging Baby Crib Organizer For Nursery Storage Bedsides Decor,Wrea,384584735,9.99,Home,Storage & Organization,Closet Organizers,89
162,Colgate Baking Soda and Peroxide Whitening Toothpaste; Brisk Mint - 6 Ounce (2 Pack),Colgate,49081560,7.78,Personal Care,Personal Care by Brand,Colgate,89
463,TEPE Compact Tuft Toothbrush - Braces & Hard to Reach Areas - Extra Soft Bristles; 1 Brush,Tepe,272243252,6.69,Personal Care,Personal Care by Brand,Colgate,99
466,TEPE Universal Care Soft Slim Toothbrush – Angled for Braces; Retainers; Implants; 1 Brush,Tepe,986118093,6.69,Personal Care,Personal Care by Brand,Colgate,92
483,Chy Hair Grow; Coco Leave In Conditioner; Fresh And Refrigerated Hair Growth Products,Chy Hair Grow,360472304,15.99,Beauty,Hair Care,Conditioner,77
180,Pacific Play Tents Secret Castle Bed Tent; Twin,Pacific Play Tents,17718376,27.19,Toys,Pretend Play,Costumes & Dress Up,13
289,Pacific Play Tents Me Too Play Tent,Pacific Play Tents,19504597,37.9,Toys,Pretend Play,Costumes & Dress Up,48
121,LA Baby Safari Dreams Crib and Toddler Mattress with Savannah Print Waterproof Cover; Sage,L.A. Baby,20584432,59.99,Baby,Nursery & Decor,Crib and Baby Mattresses,75
247,"Cricut Adhesive Foil Vinyl; Light Pink; 12""x48""",Cricut,55209944,8.29,Arts Crafts & Sewing,Cricut,Cricut Materials,13
233,Dawn Platinum Dishwashing Foam Refill; Fresh Rapids; 30.9 Ounce,Dawn,435231134,23.98,Household Essentials,Household Essentials by Brand,Dawn,53
450,"LOMAO Flannel Blanket Soft Throw Blanket with Pompom Fringe Lightweight Bed Blanket Fit Couch Sofa(51""x 63"")(Brown)",LOMAO,225867705,19.79,Home,Decor,Decorative Throws,46
169,JeashCHAT Flosser Dispenser Dental Floss Case Travel Floss Professional Toothpicks Sticks Dental Floss Picks Flossers with Travel Case Superfine Floss Picks Dental Picks for Teeth Cleaning,JeashCHAT,1104704593,4.29,Personal Care,Oral Care,Dental Floss,16
67,AURORA TRADE 3PCS Denture Bath Case Cup Box Holder Storage Soak Container with Strainer Basket for Travel Cleaning,AURORA TRADE,507913578,12.22,Personal Care,Oral Care,Denture Adhesive,83
159,The ConfiDental Pack of 5 Moldable Mouth Guard for Teeth Grinding Clenching Bruxism,The ConfiDental,808440636,31.88,Personal Care,Oral Care,Denture Adhesive,67
232,Denture Cup Retainer Case; Cute Night Mouth Guard Box Holder Storage Soak Container with Strainer Basket for Travel Cleaning,PLNEIK,1780331003,9.9,Personal Care,Oral Care,Denture Adhesive,52
238,Altsales Denture Case; Denture Cup with Strainer; Denture Bath Box False Teeth Storage Box with Basket Net Container Holder for Travel; Retainer Cleaning,Altsales,293982594,8.45,Personal Care,Oral Care,Denture Adhesive,75
313,Temporary Missing Tooth Repair Kit Solid Glue Denture Adhesive,Esho,580676168,3.98,Personal Care,Oral Care,Denture Adhesive,35
228,Suave Fresh Vibes Deodorant Stick Aluminum Free 48 Hour Deodorant Protection Berry Bliss Dermatologist Tested Body Deodorant 1.2 OZ,Suave,839802357,1.18,Beauty,Bath & Body,Deodorants & Antiperspirants,74
6,Bestgoods Large Capacity Stroller Straps Included Waterproof Backpack Diaper Bags; Green,Bestgoods,593176461,43.99,Baby,Diapering,Diaper Bags,26
189,Calmoseptine Ointment by Calmoseptine - TUBE; 4 OZ - 1 Pack,Calmoseptine,132261340,15.95,Baby,Diapering,Diaper Rash Creams,58
421,Danlai-1/3/6Pieces Baby Diaper Applicator For Baby Buttocks Soft Elastic Silicone Ointment Applicator With Suction Base,Danlai,214260996,8.7,Baby,Diapering,Diaper Rash Creams,15
9,Amuver Household Stainless Steel Soup Spoon Round Head Large Gold Spoons,Amuver,588661282,9.8,Home,Kitchen & Dining,Dining & Entertaining,51
20,Wooden Spoon Fork Chopsticks Tableware Travel Utensils For Camping; Picnic; Office Or Home,amazingfashion,916852470,7.76,Home,Kitchen & Dining,Dining & Entertaining,44
38,Set of 8 (24pcs) Plastic Serving Utensils Set disposable Clear Spoons Forks Tongs Dinnerware Caterware Supplies Combo Supplies for Catering Party Dinner Banquet Wedding Birthday,Sparkle and Bash,213028397,13.99,Home,Kitchen & Dining,Dining & Entertaining,14
82,The Pioneer Woman Straws; 12 Pack,The Pioneer Woman,162406674,2.94,Home,Kitchen & Dining,Dining & Entertaining,74
145,2 Sets of Clear Glass Mugs with Lid and Straw Lovely Glass Drinking Cups,PINXOR,1141214752,19.99,Home,Kitchen & Dining,Dining & Entertaining,27
404,Walbest 220ml/290ml/350ml Acrylic Polka Dot Bar Drinking Cup; Reusable Heat Resistant Thickened Restaurant Water Cup; Mouthwash Cup for Home,Walbest,204579825,5.57,Home,Kitchen & Dining,Dining & Entertaining,5
432,McKesson Paper Wrapped Plastic Flexible Straws; 500 Ct,McKesson,120644528,17.54,Home,Kitchen & Dining,Dining & Entertaining,53
124,Palmolive Ultra Liquid Dish Soap; Oxy Power Degreaser; 20 oz; 6 Pack,Palmolive,692032509,29.44,Household Essentials,Cleaning Supplies,Dishwashing,50
127,Glisten Dishwasher Magic Machine Cleaner and Disinfectant; Lemon Scent; 8 Count,Glisten,105981295,46,Household Essentials,Cleaning Supplies,Dishwashing,4
302,Ajax Dish Detergent; Lemon Scent; 28 Oz Bottle; 9/Carton - CPC44673,AJAX,970282175,43.83,Household Essentials,Cleaning Supplies,Dishwashing,4
377,Michel Design Works Dish Soap 17.8 Oz. - Lemon Basil,Michel Design Works,125415798,27.53,Household Essentials,Cleaning Supplies,Dishwashing,70
479,Multi-Surface Cleaner Disinfectant Pine; 24 oz Bottle,Pine-Sol,879241759,11.63,Household Essentials,Cleaning Supplies,Disinfectant Cleaners,78
242,Katgely Individual Cupcake Container -Stackable - Deep Dome - Clear Plastic - BPA-Free - 50 per Pack,Katgely,505373424,13.49,Household Essentials,Paper & Plastic,Disposable Tabletop,13
424,Minecraft 9oz Paper Cups (8),BE,631694247,7.99,Household Essentials,Paper & Plastic,Disposable Tabletop,11
13,Perk Plastic Spoon Heavy-Weight White PK56405,Perk,625751996,10.9,Household Essentials,Paper & Plastic,Disposable Tableware,40
26,Glad Compostable Paper Bowls | 16 oz Disposable Soup Bowls; 20 Count | Sugarcane Disposable Bowls; Microwavable and Freezer Safe; Leak Resistant Compostable Eco-Friendly Paper Bowls | Glad P,Glad,693326721,17.64,Household Essentials,Paper & Plastic,Disposable Tableware,37
57,100pcs Paper Ice Cream Cups Disposable Cake Cup Dessert Bowls Party Supplies for Baking Wedding Birthday (Colorful Dots),NUOLUX,1274358574,9.99,Household Essentials,Paper & Plastic,Disposable Tableware,4
62,50 count Disposable Coffee Cups 4 oz To Go Paper Hot Drinks Expresso Travel Cup,Generic,1971788003,12.87,Household Essentials,Paper & Plastic,Disposable Tableware,18
69,Displastible Disposable Aluminum Pans with Lids Cooking & Baking Food Container; 10-Pack,Diplastible,362191028,18.99,Household Essentials,Paper & Plastic,Disposable Tableware,96
85,Trophy Plus Dual Temperature Insulated Cups In Symphony Design; 8 Oz; Beige; 1;000/carton,Dart,1888827006,155.57,Household Essentials,Paper & Plastic,Disposable Tableware,78
90,Disposable Paper Meal Box Salad Box Degradable Lunch Box Environmental Food Takeout Packaging Box Hot,BTGUY,1441115749,6.04,Household Essentials,Paper & Plastic,Disposable Tableware,92
92,Glad Paper Bowls With Purple Victorian Design; 20Count | Disposable Paper Bowls For Parties & Picnics In Victorian Print | Microwave Safe Disposable Purple & White Bowls,Glad,1246246531,10.99,Household Essentials,Paper & Plastic,Disposable Tableware,35
97,fanshao Geometric Design Fruit Bowl Fadeless PET Parties Table Candy Bowl for Household,Fanshao,1262156509,13.55,Household Essentials,Paper & Plastic,Disposable Tableware,65
179,6pcs/Set Mini Cat Food Fork Fruit Picks Cute Black Cat Children Fork Lunch Box Bento Decor Accessories Fruit Fork Set GB0129,wartleves,459333090,5.73,Household Essentials,Paper & Plastic,Disposable Tableware,72
285,Baofu Clear Plastic Disposable Party Shot Glasses Jelly Cups Tumblers Birthday for Kitchen,Baofu,313851197,10.77,Household Essentials,Paper & Plastic,Disposable Tableware,67
367,Wonder Woman 20 Pack Disposable Blue Cups,Wonder Woman,437299938,8.99,Household Essentials,Paper & Plastic,Disposable Tableware,0
386,USA Moving Supply Cushion Foam Sheets 12” x 12” (50 Count); Packing Foam Supplies for Moving; Safely Wrap Dishes; Glasses & Furniture Legs…,California Basics,568654372,13.49,Household Essentials,Paper & Plastic,Disposable Tableware,71
429,Set of 4 Clear Plastic Four Prongs Serving Forks - Heat Resistant; Heavy Duty; Disposable Forks Set; For Home; Office; School; Party; Picnics; Restaurant; Events; and Everyday Use - By RamPro,RAM-PRO,362409271,10.27,Household Essentials,Paper & Plastic,Disposable Tableware,5
456,100Pcs Paper Cup Nose Hair Face Hair Removal Wax Bean Container Cake Paper Tray Paper Bowl Melting Wax Ice Cream Organizer,NOBRAND,1280625720,8.5,Household Essentials,Paper & Plastic,Disposable Tableware,35
470,[50 Pack] 10oz Cups | Iced Coffee Go Cups and Dome Lids | Cold Smoothie | Plastic Cups with Dome Lids | Clear Plastic Disposable Pet Cup | Ideal for Coffee; Parfait; Juice; Soda; Cocktail; Party Cups,EcoQuality,981963264,19.95,Household Essentials,Paper & Plastic,Disposable Tableware,27
143,Quilted Napkins; 1-ply; 12 1/10 X 12; White; 200/pack; 8 Pack/carton,Bounty,828545579,72.02,Industrial & Scientific,Food Service Equipment & Supplies,Disposables,42
177,"Tork Universal Hand Towel Roll; Notched; 7.5"" x 800 ft; Natural; 6 Rolls/Carton -TRK7171300",Tork,542567993,61.78,Industrial & Scientific,Food Service Equipment & Supplies,Disposables,74
21,leaveforme Pet Hat Super Soft Fade-Resistant Polyester Outdoor Dog Sun Visor Cap Pet Baseball Hat Decor Pet Accessories,leaveforme,1909667225,8.9,Pets,Dogs,Dog Clothes and Costumes,32
87,Maxcozy Small Medium Dogs Pet Girls Dot Dress Warm Sweater Coat Jacket,Maxcozy,888858960,9.96,Pets,Dogs,Dog Clothes and Costumes,59
423,Country Brook Petz® Premium Orange Sunset Camo Dog Collar; Large,Country Brook Design,854987475,17.97,Pets,Dogs,Dog Collars; Leashes; and Harnesses,35
71,Pet Action Plus Flea & Tick Treatment for Medium Dogs; 23-44 lbs; 3 Month Supply,PetAction,116871623,26.44,Pets,Dogs,Dog Flea and Tick,73
56,Forza10 Sensitive Digestion Plus; Dry Dog Food; for Adult Dogs; Fish Flavor; 4 lb Bag,Forza10,544145817,23.99,Pets,Dogs,Dog Food,47
346,NUTRO Cuts in Gravy Natural; Grain-Free Wet Dog Food Variety Pack; (12 Pack) 3.5 oz. Trays,Nutro,281984926,20.12,Pets,Dogs,Dog Food,70
380,(12 Pack) Purina Pro Plan Gravy Wet Dog Food for Large Dogs; Large Breed Chicken and Rice Entree; 13 oz. Cans,Purina Pro Plan,22070605,31.8,Pets,Dogs,Dog Food,37
387,Purina ONE Natural; Sensitive Stomach Dry Dog Food; +Plus Skin & Coat Formula; 31.1 lb. Bag,Purina ONE,22074306,47.49,Pets,Dogs,Dog Food,82
321,oneisall Low Noise Dog Clippers Replacement Charger Charging Cord,Oneisall,697051599,9.99,Pets,Dogs,Dog Grooming,36
303,"Pawhut 59"" Heavy-duty Pet Playpen Kennel with Door & Removable Cover 6 Panels",Pawhut,245015291,209.99,Pets,Dogs,Dog Kennels,95
338,Dog Diaper Comfortable Adjustable Band Reusable Puppy Menstrual Period Sanitary Pants for Female Dogs,duixinghas,256717818,7.59,Pets,Dogs,Dog Potty Training,48
53,"Pet Factory Combo Wraps Beefhide Wrapped with Real Chicken Jerky Dog Chews; 5"" (18 Count)",Pet Factory,55484074,6.69,Pets,Dogs,Dog Treats,29
40,Powerful Sink And Drain Cleaner Chemical Powder Agent For Kitchen Toilet Pipe Sewer Dredging 110G,Zenbath,897791478,7.98,Household Essentials,Cleaning Supplies,Drain Cleaners,27
73,Enowise Sink Drain Cleaner Deodorizer Odor Eliminator For Smelly Kitchen Sink Shower Drain,Enowise-YL,1039200889,9.69,Household Essentials,Cleaning Supplies,Drain Cleaners,85
76,Halt Liquid Drain Opener 32 oz Bottle; 12/Carton,MistyMate,36877201,83.8,Household Essentials,Cleaning Supplies,Drain Cleaners,79
106,Household Strength Crystal Drain Opener,Kole Imports,640264088,1.99,Household Essentials,Cleaning Supplies,Drain Cleaners,82
340,MOOSUP Powerful Sink and Drain Cleaner Openers; Toilet Sewer Dredging Pipe Chemical Powder Agent Stain Removing for Kitchen Bathroom 110g,MOOSUP,516374456,9.97,Household Essentials,Cleaning Supplies,Drain Cleaners,33
397,Slime Out Condensate Pan Tab Clean Treatment 100 Tablets SO100,Supco,898318924,20.45,Household Essentials,Cleaning Supplies,Drain Cleaners,61
416,Ame 110G Powerful Drain Cleaner Sink And Drain Cleaner Chemical Powder Agent For Kitchen Toilet Pipe Sewer Dredging,AME,105275118,8.16,Household Essentials,Cleaning Supplies,Drain Cleaners,60
474,Bio-Clean Drain Opener; 12 Bottles (DO20),Bio-Clean Products,550263559,45.42,Household Essentials,Cleaning Supplies,Drain Cleaners,12
68,Dicasser 4 PCS Washer Balls Reusable Fabric Softener Saves You Money for Washing Machine,Dicasser,483518322,8.8,Household Essentials,Laundry,Dryer Sheets,75
91,Cheers.US Wool Dryer Ball; Natural Fabric Softener Organic Premium New Zealand Wool; No Fillers; Anti Static Reduces Wrinkles; Baby Safe; Saving Energy 1pc,Cheers.US,275046949,4.97,Household Essentials,Laundry,Dryer Sheets,81
149,Snuggle Plus SuperFresh Fabric Softener Dryer Sheets with Static Control and Odor Eliminating Technology; Original; 170 Count; 2 Boxes; 340 Total Sheets,Snuggle,1806550764,11.97,Household Essentials,Laundry,Dryer Sheets,8
160,14PCS Clothes Anti-Winding Cleaning Ball Reusable Hair Remover Washer Hair Catcher Dryer Ball For Clothes Dog Cat Pet,SKYCARPER,357981116,10,Household Essentials,Laundry,Dryer Sheets,26
331,Laundry Balls for Washing Machine Eco-Friendly Washing Balls Reusable Tangle-Free Washer Balls,alextrem,966790901,11.13,Household Essentials,Laundry,Dryer Sheets,78
333,Wool Dryer Balls; 2.36inch Premium Wool Laundry Balls; Organic Natural Fabric Softener; Baby Safe; Reduce Wrinkles and Drying Time,JFYIG,838417517,8.49,Household Essentials,Laundry,Dryer Sheets,57
341,Snuggle plus superfresh sheets,Snuggle,928256480,12.64,Household Essentials,Laundry,Dryer Sheets,82
70,Spectrum Brands Remington Titanium Travel Shaver; 1 ea,Remington,38114443,37.99,Personal Care,Shaving,Electric Shave Replacement Heads,91
111,Lionstill 8Pcs Women's Painless Facial Hair Remover Trimmer Blade Flawless Replacement Heads;Smooth Finishing and Perfect Touch,Lionstill,687815810,14.99,Personal Care,Shaving,Electric Shave Replacement Heads,5
318,Tisnia One Blade Case for Philips Norelco One Blade Hybrid Electric Trimmer and Shaver; QP2520; QP2530; QP2620; QP2630; One Blade Case for Phillips Norelco One Blade Trimmer and Shaver - Bla,Tisnia,380492718,21.16,Personal Care,Shaving,Electric Shave Replacement Heads,15
390,Philips Norelco OneBlade Electric Shaver,Philips Norelco,55334965,46.99,Personal Care,Shaving,Electric Shave Replacement Heads,20
437,Replacement Shaver Head for Braun Electric Shaver 7 Series,Ankishi,878904442,16.42,Personal Care,Shaving,Electric Shave Replacement Heads,42
471,2Pcs Mini Electric Hair Remover Shaver Replacement Heads Painless Safety Lipstick Shape Body Facial Neck Leg Hair Remover Replacement,KZKR,995875828,10.18,Personal Care,Shaving,Electric Shave Replacement Heads,67
136,Surker Foil Shavers for Men Electric Shaver Razor Cordless Trimmer,Surker,866662304,39.99,Personal Care,Shaving,Electric Shavers,42
485,Centerel Bikini Shaver and Trimmer Hair Remover for Women; Dry Use Electric Razor; Personal Groomer for Intimate Ladies Shaving; No Bump; Smooth Shave,Centerel,1137883344,12.69,Personal Care,Shaving,Electric Shavers,62
46,Generic Oral B Replacement Brush Heads- Braun Ortho & Power Tip Replacement Toothbrush Head- 20 Pack for Braces,Alayna,651178810,12.99,Personal Care,Oral Care,Electric Toothbrush Heads,36
101,Replacement Toothbrush Heads Compatible with Philips Sonicare: Electric Brush Heads for Sonicare C2 Plaque Control ProtectiveClean 4100 5100 6100 Toothbrush HX9023; 10-Pack,Jiuzhoudeal,1772303028,32.88,Personal Care,Oral Care,Electric Toothbrush Heads,69
223,Philips Sonicare Genuine W2 Optimal White Replacement Toothbrush Heads; Brush Heads 4; HX6064/65; White.,Generic,140687812,25,Personal Care,Oral Care,Electric Toothbrush Heads,89
317,Opticlean By Conair Replacement Power Plaque Remover Brush Heads 2 Count (Pack Of 1),Conair,436603961,17.99,Personal Care,Oral Care,Electric Toothbrush Heads,60
378,RADIUS Toothbrush Replacement Brush Heads 2-Count Improve Gum Health & Reduce Gum Issues - Soft Big Head - Pack of 1,RADIUS,1976884771,18.46,Personal Care,Oral Care,Electric Toothbrush Heads,42
481,Clean Sonic Electric Toothbrush Replacement Head; 3 Pack; White,Dolegur,172595417,10.88,Personal Care,Oral Care,Electric Toothbrush Heads,37
23,Oral-B 3D White Battery Electric Toothbrush; Various Colors,Oral-B,10321283,5.97,Personal Care,Oral Care,Electric Toothbrushes,37
47,Fairywill Sonic Electric Toothbrush Rechargeable Black; 5 Modes with Smart Timer; 30 Days Battery Life; Electric Toothbrush for Adults Cleaning as Dentist,Fairywill,637760090,16.99,Personal Care,Oral Care,Electric Toothbrushes,8
114,Smart Ultrasonic Electric Toothbrush for Adults;38;000 Vpm Rechargeable Toothbrush with 2 Brush Heads;5 Modes;IPX7 Waterproof and Smart Timer,JPTtrading,761721593,15.99,Personal Care,Oral Care,Electric Toothbrushes,2
157,Braun Precision Clean Replacement Toothbrush Heads; Pack of 4,Oral-B,603678173,21,Personal Care,Oral Care,Electric Toothbrushes,34
161,Gleem Toothbrush Refill Head; White; 2 Count,Gleem,502465302,30.46,Personal Care,Oral Care,Electric Toothbrushes,6
300,Oral-B Pro 500 Electric Toothbrush with (1) Brush Head; Rechargeable; White,Oral-B,1551819666,34.9,Personal Care,Oral Care,Electric Toothbrushes,14
329,Fairywill Ultrasonic Electric Toothbrush with 5 Modes ; Dual Pack Sonic Rechargeable Toothbrush for Adults with 8 Heads & 2 Travel Cases ; Smart Timer ; Fast Charger for 30 Days ; Black & Pink,Fairywill,900560109,28.99,Personal Care,Oral Care,Electric Toothbrushes,61
422,Oral-B Cross Action Replacement Brush Heads; 4 Count,Oral-B,142873184,19.99,Personal Care,Oral Care,Electric Toothbrushes,41
491,Oral-B EB503 CrossAction Pro Toothbrush Heads,Oral-B,100586776,35.95,Personal Care,Oral Care,Electric Toothbrushes,21
4,Monster Energy Java Monster Mean Bean; Coffee + Energy Drink; 15 Ounce (Pack Of 12),Monster Energy,1145871245,41.99,Food,Beverages,Energy Drinks,92
374,Coffee Capsule Cup Self Stick Tamper Kit For Nespresso Vertuo Bar Accessories,TEFEY,245903957,20.14,Food,Coffee,Espresso,32
185,Revlon ColorStay Semi-Permanent Brow Ink; 351 Warm Brown Ink; 0.09 fl oz.,Revlon,470538768,10.72,Beauty,Makeup,Eye Makeup,72
139,9 Elements - Softener - liquid - bottle - 0.5 gal - lemon - machine ready,9 Elements,567056491,23.99,Household Essentials,Laundry,Fabric Softener,64
259,Mrs. Meyer's Clean Day Fabric Softener - Lavender - 32 oz - 2 pk,Mrs. Meyer's Clean Day,314397868,28.14,Household Essentials,Laundry,Fabric Softener,4
325,Snuggle Plus Super Fresh Liquid Fabric Softener with Odor Eliminating Technology; Original; 48.6 Fluid Ounces; 46 Loads,Snuggle,51251292,4.77,Household Essentials,Laundry,Fabric Softener,23
402,Felce Azzurra Argan Oil and Vanilla Softener Concentrated 750ml 25.3 fl oz,Felce Azzurra,535123344,9.8,Household Essentials,Laundry,Fabric Softener,52
269,Maybelline Cheek Heat Gel-Cream Blush; Face Makeup; Pink Scorch; 0.27 fl oz,Maybelline,145851200,13.99,Beauty,Makeup,Face Makeup,13
35,Michel Design Works Pocket Tissues Pack of 5 - Ocean Tide,Michel Design Works,559584497,13.99,Household Essentials,Paper & Plastic,Facial Tissue,33
113,kleenex facial tissue; 10 pack - 230 tissues in each box.,Kleenex,472557528,39.98,Household Essentials,Paper & Plastic,Facial Tissue,13
224,Kleenex Cooling Lotion Facial Tissues; 45 Tissues per Cube Box; 18 Pack (810 Tissues Total),Kleenex,901392073,68.99,Household Essentials,Paper & Plastic,Facial Tissue,92
251,BDDVIQNN Outdoor Travel Magics Towel Disposable Compressed Non Woven Cotton Sheet Cloth Mask Tissue Makeup Cleaning C,BDDVIQNN,1928948227,6.59,Household Essentials,Paper & Plastic,Facial Tissue,48
310,Facial Tissue; 2-Ply; White; 64 Sheets/box; 24 Boxes/carton | Bundle of 2 Cartons,Puffs,771856693,106.57,Household Essentials,Paper & Plastic,Facial Tissue,15
322,Kleenex Facial Tissue; White; 125 sheets; 12 count,Kleenex,23207556,44.16,Household Essentials,Paper & Plastic,Facial Tissue,84
364,Kleenex Soothing Lotion Facial Tissues; 2 Flat Boxes (240 Total Tissues),Kleenex,395110381,12.1,Household Essentials,Paper & Plastic,Facial Tissue,20
408,WSBDENLK Clearance Home Decor Rollbackschristmas Printing Drawing Paper Creative Carry-On Small Bag Facial Tissue,WSBDENLK,1427053200,5.17,Household Essentials,Paper & Plastic,Facial Tissue,85
324,Febreze Odor-Eliminating Air Freshener Spray; Jasmine and Lime; 2 ct,Febreze,984229969,31.78,Household Essentials,Household Essentials by Brand,Febreze,16
486,Febreze; PGC96254CT; Air Freshener Spray; 6 / Carton; Purple,Febreze,319929556,38.36,Household Essentials,Household Essentials by Brand,Febreze,92
258,Purple Reign Bouquet - Fresh Cut - 15 Stems,Bloomingmore,461259971,52.98,Food,Food Gifts,Flowers,58
351,6 Inch Peace Lily - Beautiful White Flowers - Detoxifies Air,Cricket's Nursery,1012314951,34.99,Food,Food Gifts,Flowers,93
499,Pampas Grass 85 Pcs 17.5 Inch - Boho Home Decor Pampas Grass - Natural Dried Flowers For Wedding Bouquet Or Decorative Table Vase - Contains Brown And White Pampas Grass; Reed Grass And Bunny Tails,Generic,1493791061,28.99,Food,Food Gifts,Flowers,86
109,3PCS Hands-Free Baggy Rack Holder for Food Prep Bag Food Storage Freezer Bag Holder Bag Opener Anti-Slip Holder for Kitchen Plastic Bags Stand to Pour Leftovers; Snacks and Meal-Green,MIFIR,767725044,22.99,Household Essentials,Paper & Plastic,Food Storage Bags,25
307,Wevac Vacuum Sealer Bags 8x50; 11x50 Rolls 2 pack for Food Saver; Seal a Meal; Weston. Commercial Grade; BPA Free; Heavy Duty; Great for vac storage; Meal Prep or Sous Vide,Wevac,617387829,16.14,Household Essentials,Paper & Plastic,Food Storage Bags,62
311,Haillom 100 Pieces Self Seal Plastic Food Bag Christmas Themed Resealable Clear Snack Storage Pouches for Packaging; Type 3,Haillom,442274654,7.81,Household Essentials,Paper & Plastic,Food Storage Bags,50
385,Wevac Vacuum Sealer Bags 100 Gallon 11x16 Inch for Food Saver; Seal a Meal; Weston. Commercial Grade; BPA Free; Heavy Duty; Great for vac storage; Meal Prep and Sous Vide,Wevac,213002333,21.24,Household Essentials,Paper & Plastic,Food Storage Bags,98
426,Prime Line Packaging - Thick White Plastic Bags with Handles for Food; Lunch; Take-Out; Shopping; 12x10x16 250 Pcs.,Prime Line Packaging,390558238,133.99,Household Essentials,Paper & Plastic,Food Storage Bags,96
441,Ziplock Bag Storage Organizer for Kitchen Drawer Sandwich Bag Organizer Box and Dispenser Food Storage Bag Holder Compatible with Ziploc; Gallon; Quart & Snack Variety Size Baggie,Mandalashoes,422325643,26.98,Household Essentials,Paper & Plastic,Food Storage Bags,60
449,Seal-a-Meal 1-Gallon Vacuum Seal Bags for Seal-a-Meal and FoodSaver Vacuum Sealers; 13 Pack,Seal-a-Meal,769954089,10.87,Household Essentials,Paper & Plastic,Food Storage Bags,44
457,Glad FLEXN SEAL Zipper Freezer Storage Gallon Bags; 28 Count,Glad,570015322,13.61,Household Essentials,Paper & Plastic,Food Storage Bags,86
107,Find Your Happy Place Summertime Sprinklers Body Spray for Women; 8 Oz,Find Your Happy Place,206373909,17.95,Beauty,Fragrances,Fragrances by Scent,17
80,Extraordinary Bites Bagel 11 oz,Extraordinary Bites,715654583,5.98,Food,Frozen Foods,Frozen Breakfast Food,75
188,Pillsbury Toaster Strudel; Cinnamon Roll Pastry; Value Size; 12 ct.; 23.4 oz.,Pillsbury,46597313,4.68,Food,Frozen Foods,Frozen Breakfast Food,92
464,Gain Liquid Fabric Softener; Original Scent 64 oz (Pack of 2),Gain,745803481,36.89,Household Essentials,Household Essentials by Brand,Gain,62
229,Renuzit Adjustable Solid Gel Air Freshener Cone; Forever Raspberry; Nonstop Freshness; 7 Ounces; 6 Cones,Renuzit,35902498,27.99,Household Essentials,Air Fresheners,Gel Air Fresheners,89
88,Glade Air Freshener Spray Cashmere Woods 8 Oz (Pack of 3),Glade,814342410,8.04,Household Essentials,Household Essentials by Brand,Glade,12
174,Rapid Fire Turbo Brew Keto Ground Coffee; 14 oz Can,Rapid Fire,524065783,9.96,Food,Coffee,Ground Coffee,68
344,Cafe Bustelo Espresso Ground Coffee; 10 Ounce (Pack Of 3),Cafe Bustelo,870622678,20.99,Food,Coffee,Ground Coffee,41
192,Dabur Amla Gold Hair Oil 200ml,Singhcart,409414803,7.99,Beauty,Here for Every Beauty,Hair Care & Hair Tools,33
360,The Mane Choice Green Apple Fruit Medley Kids Detangling Leave-in Conditioner 8 oz,The Mane Choice,610610399,13.17,Beauty,Hair Care,Hair Care Brands,94
129,Gigi Small Cloth Strips - 100 Pack,Gigi Wax,26176724,6.89,Personal Care,Shaving,Hair Removal,90
222,Parissa Cold Wax Hair Remover - 6 oz,Persian,28932148,11.89,Personal Care,Shaving,Hair Removal,49
348,iMeshbean Double Depilatory Wax Heater Roller Body Hair Removal Roll On Waxing Machine with Heater Base for Personal & Professional Use Beauty Salon (Wax Heater + 200G Lavender Wax + 100 Strips),Imeshbean,389777848,36.99,Personal Care,Shaving,Hair Removal,7
419,Discontinued by Supplier,Bikini Zone,10451125,8.45,Personal Care,Shaving,Hair Removal,0
413,Onedor Handmade 100% Natural Green Sandalwood Hair Combs - Anti-Static Sandalwood Scent Natural Hair Detangler Wooden Comb (Wide Tooth),OneDor,643236703,9.99,Beauty,Hair Care,Hair Styling Tools,18
280,Garnier Fructis Sleek & Shine Leave-in Conditioner; 10.2 fl oz (2 Pack),Garnier,180564030,5.97,Beauty,Beauty Best Sellers,Haircare Best Sellers,3
147,Benamor Nata Nutritive Hand Cream 50ml/1.69oz,Benamor 1925,232596620,18,Personal Care,Bath & Body,Hand Creams,96
164,Dionis Goat Milk Skincare - Hand Cream White Jasmine & Shea - 1 oz.,Dionis Goat Milk Skincare,158161610,8.76,Personal Care,Bath & Body,Hand Creams,1
182,Corn Huskers Lotion; Heavy Duty Hand Treatment; Oil Free; 7 Oz.(Pack of 4),Corn Huskers,444469421,23.55,Personal Care,Bath & Body,Hand Creams,59
237,Naked Bee Serious Hand Repair Cream in Orange Blossom Honey,The Naked Bee,919882765,15.99,Personal Care,Bath & Body,Hand Creams,70
262,Michel Design Works Hand Creme 1 Oz. - Lavender Rosemary,Michel Design Works,505219922,9.99,Personal Care,Bath & Body,Hand Creams,62
383,Difeel Vitamin C Ultra Repair Hand Lotion 12 oz.,Difeel,342253995,8.99,Personal Care,Bath & Body,Hand Creams,59
394,Camille Beckman Hand and Shower Cleansing Gel; French Vanilla; 13 Ounce,Camille Beckman,180180315,36.99,Personal Care,Bath & Body,Hand Creams,30
444,Clean Fresh Laundry by Clean,Clean,362501485,22.39,Personal Care,Bath & Body,Hand Creams,57
452,O'Keeffe's O'Keeffe's Working Hands Hand Cream (K0290001),O'Keeffe's,827701689,31.79,Personal Care,Bath & Body,Hand Creams,28
453,Jason Calming Lavender Hand & Body Lotion 8 oz Lotion,JASON,10315577,12.11,Personal Care,Bath & Body,Hand Creams,36
371,Eo Products - Deodorant Wipes - Lavender - Case Of 12 - 6 Count,EO Products,967080821,47.88,Personal Care,Bath & Body,Hand Sanitizing Wipes,33
25,PURELL Advanced Hand Sanitizer Refreshing Gel Clean Scent 8 oz Pump Bottle (4040-12-S EA),PURELL,190506939,9.99,Personal Care,Bath & Body,Hand Soaps,14
50,McKesson Premium Hand Sanitizer with Aloe Gel; Ethyl Alcohol; 70% Strength; 18 ounce Pump Bottle; Spring Water Scent; 1 Count,McKesson,633955934,12.65,Personal Care,Bath & Body,Hand Soaps,54
54,Mrs. Meyer's Clean Day Liquid Hand Soap; Oat Blossom Scent; 12.5 Ounce Bottle,Mrs. Meyer's Clean Day,504255870,4.88,Personal Care,Bath & Body,Hand Soaps,59
58,Provon Foaming Antimicrobial Soap  1250 mL Dispenser Refill Bottle Floral Scent; Case of 3,PROVON,277715167,68.47,Personal Care,Bath & Body,Hand Soaps,12
240,SOF Green Tea Liquid Hand Soap,South of France,50567525,8.25,Personal Care,Bath & Body,Hand Soaps,23
270,Clorox Antibacterial Liquid Hand Soap Refill; Soothing Aloe Scent |Liquid Hand Washing Soap Refill Washes Away Germs and Bacteria on Skin; 34 Oz Hand Soap,Clorox,357634656,15.13,Personal Care,Bath & Body,Hand Soaps,18
365,Softsoap Liquid Moisturizing Hand Soap Refill Milk And Golden Honey -- 50 Fl Oz,Softsoap,367004535,17.3,Personal Care,Bath & Body,Hand Soaps,6
411,Advanced Hand Santizer; Refreshing Gel; Clean Scent; 8 fl oz Table Top Pump Bottle (Case of 12),PURELL,641971398,44.99,Personal Care,Bath & Body,Hand Soaps,63
492,Liquid Hand Soap; 1 Gallon Bottle; 4/Bottles,Global Industrial,230130246,58.41,Personal Care,Bath & Body,Hand Soaps,44
181,Hearing Aid Battery Powerone size 13 made in Germany Genuine 60 Batteries,Power-One,871513407,19.99,Household Essentials,Batteries,Hearing Aid Batteries,7
135,Nursing Cover Breastfeeding Cover; Stretchy Car Seat Covers for Babies;Soft Breathable Infant Carseat Canopy; Shopping Cart/High Chair/Stroller Covers; Baby Shower Gifts,Trarodic,1323066709,13.73,Baby,Feeding,High Chairs & Booster Seats,44
478,BIOSA Baby Sofa Support Seat Cover Plush Learning To Sit Feeding Chair (Dinosaur),Biosa,530229812,18.09,Baby,Feeding,High Chairs & Booster Seats,20
355,Huggies Nourish & Care Scented Baby Wipes; 8 Push Button Packs (448 Wipes Total),Huggies,460528872,48.7,Baby,Diapering,Huggies Baby Wipes,43
18,Victor Fly Magnet Reusable Fly Trap with Bait 1 Quart; 4 Pack,Victor,363064802,28.95,Household Essentials,Pest Control,Insect & Pest Baits,23
95,MODERN HOMEZIE Trap Non-Toxic Reusable House Bait for Kitchen and Toilet Single layer - blue,MODERN HOMEZIE,1845257316,7.92,Household Essentials,Pest Control,Insect & Pest Baits,72
155,CyKill Bait Packs For Mice and Rats 0.75 oz. 100 pk,CyKill,362862307,85.16,Household Essentials,Pest Control,Insect & Pest Baits,73
216,8pcs/pack 12mm Carp Slow Sinking Fruity Squid Flavour Fake Baits Dumbells Bait,MOYSON,256135128,7.59,Household Essentials,Pest Control,Insect & Pest Baits,77
345,Solar Large Fly Traps Outdoor - Non Toxic Fly Catcher - Natural Bait Trap for Patios; Ranches;Easy to Use and Keeps Flies from Coming Indoors;Green,pluoda,535782609,9.99,Household Essentials,Pest Control,Insect & Pest Baits,24
357,Usupdd Simulation Bread Worm Soft Bait Maggot Worm Fake Bait Road Fishing Bait Usupdd WCC220812-2778,Usupdd,1417211144,7.79,Household Essentials,Pest Control,Insect & Pest Baits,43
361,1 Bag Fishing Bait Smell Grass Carp Baits Fishing Baits Lure Formula Insect Particle Rods,Liveday,1690326431,6.26,Household Essentials,Pest Control,Insect & Pest Baits,40
436,Safer # 70006 Japanese Beetle Trap Attractant Bait / Lure - Quantity 10,Safer,812985283,48.67,Household Essentials,Pest Control,Insect & Pest Baits,91
59,Spectracide Terminate Termite Killing Foam; 16 oz; Kills Termites Indoors and Outside,Spectracide,16630886,8.68,Patio & Garden,Garden Center,Insect & Pest Control,40
103,Thermacell Rechargeable Mosquito Repeller E-Series E55 with 12-Hour Repellent Refill,ThermaCELL,454575429,36.37,Patio & Garden,Garden Center,Insect & Pest Control,43
199,Mice Repellent Plug-ins; Rodent Squirrels Repellent Indoor Ultrasonic Pest Repeller Mouse Deterrent Rat Control for Home Attic Garage RV,ELB,1143231359,25.99,Household Essentials,Pest Control,Insect & Pest Repellents,8
178,J T Eaton 076706844002 Spider and Cricket Glue Trap Pack of 5; White Box,JT Eaton,740799385,33.84,Household Essentials,Pest Control,Insect & Pest Traps,49
186,Windfall Sticky Fruit Fly and Fungus Gnat Trap Yellow Sticky Bug Insect Killer Houseplant 5 Pcs Insect Trap Large Area Hanging Sticky Glue Boards Fly Pest Bug Catcher Plate,windfall,996689733,5.99,Household Essentials,Pest Control,Insect & Pest Traps,94
214,Yous Auto Yellow Sticky Fly Trap Dual-Sided Sticky Trap Plastic Bug Insect Gnat Traps Sticky Board for Mosquitos Fungus Gnats; Flying Aphid; Whiteflies; Leaf Miners,Yous Auto,404195028,8.09,Household Essentials,Pest Control,Insect & Pest Traps,4
316,Victor TIN CAT Live Catch Mouse Trap - 2 Pack,Victor,949495366,39.91,Household Essentials,Pest Control,Insect & Pest Traps,60
354,PoypyozzZ 1pc Mole Trap Tunnel;Mole Clip;Outdoor Catching Pest Control Galvanized Metal,Hongchenghuan Technology Inc,205171907,7.3,Household Essentials,Pest Control,Insect & Pest Traps,89
445,Catchmaster Pro Series Multi-Catch Mouse Trap; For Glue or Catch-N-Release 1 Pack,Catchmaster,1208099694,18.04,Household Essentials,Pest Control,Insect & Pest Traps,73
488,6 PCS Mouse Traps Rat Traps for Indoor That Kill Instantly Mouse Control Rodent Trap Rodent Killer Easy to Bait,Seenda,899397540,15.99,Household Essentials,Pest Control,Insect & Pest Traps,87
116,EcoRaider Bed Bug Killer Spray 16 Oz; Green + Non-toxic; 100% Kill + Extended Protection,EcoRaider,145928754,29.15,Household Essentials,Pest Control,Insect Sprays & Foggers,25
123,Battery Sprayer with 2 Gallons of Ready-to-Use Natural Mosquito Killer & Repellent,Mosquito Magician,582507049,69.95,Household Essentials,Pest Control,Insect Sprays & Foggers,4
137,EcoRaider 16-Ounce Bed Bug Killer; Non-Toxic; Children and Pet Safe; 2 Pack,EcoRaider,983255126,53.56,Household Essentials,Pest Control,Insect Sprays & Foggers,24
362,New Bonide 442 Eight Vegetable Fruit Flower Spray Insecticide Concentrate 1 Pint;Each,Bonide,522000901,23.99,Household Essentials,Pest Control,Insect Sprays & Foggers,71
274,Isopropyl Alcohol 70%; 4 Gallons,Florida Laboratories,128001854,69.03,Health and Medicine,First Aid,Isopropyl Alcohol,95
11,"Windsoft Jumbo Roll Toilet Paper; Septic Safe; 2 Ply; White; 3.4"" x 1000 ft; 12 Rolls/Carton -WIN202",Windsoft,16351877,58.65,Industrial & Scientific,Janitorial & Sanitation Supplies,Janitorial Disposables,31
343,Scott Essential C-Fold Towels; Absorbency Pockets;10 1/8x13 3/20;White;200/PK;12 PK/CT -KCC01510,Scott Containers,16352267,39.7,Industrial & Scientific,Janitorial & Sanitation Supplies,Janitorial Disposables,43
389,Georgia-Pacific Jumbo Jr. 2-Ply Toilet Paper; 2172114; 4 Rolls per Case,Georgia Pacific Professional,160449846,23.77,Industrial & Scientific,Janitorial & Sanitation Supplies,Janitorial Disposables,21
475,Morcon Tissue Small Core Toilet Paper; Septic Safe; 1-Ply; White; 2500 Sheets/Roll; 24 Rolls/Carton -MORM125,Morcon,44615487,55.11,Industrial & Scientific,Janitorial & Sanitation Supplies,Janitorial Disposables,67
122,IZZE Sparkling Juice 4 Flavor Variety Pack (8.4 oz.; 24 pk.),IZZE,975344030,45,Food,Beverages,Juices,3
265,Careslong 2PCS Kids U-Shaped Toothbrush Manual Training Tooth Brush Food Grade Soft Silicone Brush Head 360 Oral Teeth Cleaning Design for Toddlers and Children charming;Pink,Careslong,713742491,8,Personal Care,Oral Care,Kids Oral Care,2
363,Atmoko Sonic Electric Toothbrushes; Fast Charge Electric Toothbrushes with 8 Duponts Brush Heads; 40000 VPM for Adults & Kids(Pink; Black),ATMOKO,278144041,11.99,Personal Care,Oral Care,Kids Oral Care,13
395,Vademecum - Junior Toothpaste for children 1-6 Years Old - Natural Strawberry Flavor Organic - Fluoride-Free - 50ml tube,Vademecum,369377491,14.99,Personal Care,Oral Care,Kids Oral Care,77
443,Dr. Fresh Toothbrushes; Soft; 6 ct,Dr. Fresh,50018574,1,Personal Care,Oral Care,Kids Oral Care,40
81,"30PCS Air Fryer Disposable Paper Liner;Disposable Fryer Paper Pads; Non-Stick Air Fryer Lined Oil Resistant; Waterproof; Food Grade Baking Paper Baking Microwave Baking Paper 6.3"" ( Natural)",happylost17,510212952,8.99,Home,Appliances,Kitchen Appliances,35
194,affresh Stainless Steel Mousse,affresh,698268488,7.97,Household Essentials,Cleaning Supplies,Kitchen Cleaners,48
225,1Pc PROSOCO Consolideck Cleaner/Degreaser (1 GL),Prosoco,441671297,129.88,Household Essentials,Cleaning Supplies,Kitchen Cleaners,55
308,Zep Heavy-Duty Foaming Degreaser ZUHFD18 (Case of 12),Zep,249189009,60.9,Household Essentials,Cleaning Supplies,Kitchen Cleaners,12
335,CLR Fresh & Clean Garbage Disposal; Fresh Scent Weekly Foaming Cleaning Pods; 5 Pods Total Packaging May Vary,CLR,182220501,9.45,Household Essentials,Cleaning Supplies,Kitchen Cleaners,44
455,"Avid Armor 2 Pack 8"" x 50' (100 Total Feet) Food Vacuum Sealer Bag Rolls; BPA Free; Custom Size Vacuum Seal Bags; Compatible with Any Vacuum Sealer",Avid Armor,704525324,19.99,Home,Kitchen & Dining,Kitchen Storage & Organization,18
64,Lansinoh mOmma Bottle with NaturalWave Nipple; 5 Ounce,Lansinoh,114221430,11.34,Baby,Feeding,Lansinoh Bottles,15
231,Lysol Laundry Sanitizer; Crisp Linen; 90 Oz; Tested & Proven to Kill COVID-19 Virus; Packaging May Vary?,Lysol,836394219,16.99,Household Essentials,Laundry,Laundry Additives,14
407,Faultless Spray Starch for Clean Crisp Clothes No Spots or Streaks 20 Oz,Do it Best Tools,19593625,13.59,Household Essentials,Laundry,Laundry Additives,5
414,Cordless Electric Fabric Shaver; Lint Remover Shaver for Clothes; USB Rechargeable Sweater Shaver Defuzzer with 2 Spare Blades,Clothes Shaver,252244076,13.59,Household Essentials,Laundry,Laundry Additives,14
493,Lysol Laundry Sanitizer; Crisp Linen; 90oz + Lysol Disinfectant Spray; Crisp Linen; Pack of 2 (19oz each) + Lysol Fabric Disinfectant Spray; Lavender Fields; 15oz,Lysol,2739082682,49.92,Household Essentials,Laundry,Laundry Additives,2
120,TYLER Gallon Glam Wash Laundry Detergent; Diva; Liquid; 128 FL Oz; 3.8L 95 HE Loads,Tyler Candle,167035635,74.99,Household Essentials,Laundry,Laundry Detergents,47
134,Arm & Hammer Plus OxiClean Fresh Scent; 54 Loads Liquid Laundry Detergent; 94.5 Fl oz,Arm & Hammer,199732769,24.8,Household Essentials,Laundry,Laundry Detergents,69
173,ARM & HAMMER plus OxiClean 5-in-1 Power Paks; 40 Count (Packaging may vary),Arm & Hammer,107328322,11.85,Household Essentials,Laundry,Laundry Detergents,81
291,Tide Original 102 Loads; Powder Laundry Detergent; 143 oz,Tide,913056616,31.5,Household Essentials,Laundry,Laundry Detergents,63
312,Nikwax Nikwax HardShell Wash and Waterproofing DuoPack,Nikwax,21986924,39.8,Household Essentials,Laundry,Laundry Detergents,53
117,Downy Light Laundry Scent Booster Beads; Woodland Rain; 20.1 oz,Downy,154961602,12.97,Household Essentials,Laundry,Laundry Scent Boosters,91
141,Downy Unstopable in-Wash Scent Booster Beads; Tide Original; 14.8 Ounce,Downy,1896327332,28.92,Household Essentials,Laundry,Laundry Scent Boosters,69
319,Downy Lush Unstopables In-Wash Scent Booster Beads; One Size; 37.5 oz,Downy,355927458,33.92,Household Essentials,Laundry,Laundry Scent Boosters,31
342,Purex Crystals In-Wash Fragrance Booster; Fresh Spring Waters; 18 Ounce,Purex,39446693,22.17,Household Essentials,Laundry,Laundry Scent Boosters,65
172,COVERGIRL Outlast All-Day Moisturizing Lip Color; Hottie,COVERGIRL,37301762,23.91,Beauty,Makeup,Lip,62
198,MAC Powder Kiss Lipstick - TEDDY 2.0,Mac,590110195,26.95,Beauty,Makeup,Lip,48
480,Maybelline Great Lash Waterproof Mascara; Very Black; 0.43 fl oz,Maybelline,1118745,5.98,Beauty,Beauty Best Sellers,Makeup Best Sellers,33
144,3 Pack - Neutrogena Makeup Remover Cleansing Towelettes 25 Count Each,Neutrogena,133148520,34.97,Beauty,Skin Care,Makeup Remover,21
32,Dicasser Disposable Dual Sides Eye Shadow Sponge Applicators; 2.44' Length Eyeshadow Brushes Makeup Applicator; 100 Pieces,Dicasser,320659334,8.99,Beauty,Makeup,Makeup Tools & Brushes,26
460,Brush Holder Paintbrush Holder Stand 67 Paint Brushes Wall Mount Or Freestanding Living Household Items,VSONTOR,296786620,9.35,Beauty,Makeup,Makeup Tools & Brushes,6
34,FGY 6PCS Eyebrow Tweezers Set with Precision Tweezers Curved Scissors Eyelash Brush,FGY,1185145693,9.99,Beauty,Makeup,Makeup Tools and Accessories,85
163,Jackpot Candles Size 6 Ring Cosmic Love Bath Bomb with Jewelry Inside USA Made Romantic Heart,Jackpot Candles,671553835,19.94,Personal Care,Men's Essentials,Men's Bath & Body,41
37,Super Max Men's Disposable Razors Twin Blade Shavers Bulk Wholesale (10pk x 10= 100 Razors),Supermax,1192815282,18.99,Personal Care,Shaving,Men's Razors and Razor Blades,16
39,Gillette Mach3 Sensitive Refill Blade Cartridges; 2 Count,Gillette,190499399,8.99,Personal Care,Shaving,Men's Razors and Razor Blades,42
142,Schick Quattro Titanium Men's Razor Blade Refills; 6 Ct,Schick,49607004,9.3,Personal Care,Shaving,Men's Razors and Razor Blades,66
490,BEARD CUT THROAT BUMP FREE DOUBLE EDGE SAFETY RAZOR + 5 ASTRA SHAVING BLADE GOLD,Zeepk,763028877,12.99,Personal Care,Shaving,Men's Razors and Razor Blades,46
152,Softsheen-Carson Magic Shave Hair Removal Cream; Extra Strength Depilatory Cream; for Coarse Hair; 6 Oz.,Softsheen-Carson,23872277,3.94,Personal Care,Shaving,Men's Shaving,11
17,Damp Rid Hanging Moisture Absorber; Fresh Scent; Set of 3 (Pack of 1),DampRid,134928255,44.39,Household Essentials,Air Fresheners,Moisture Absorbers,57
148,FRCOLOR Cartoon Dog Plush Toys Car Deodorant Bamboo Charcoal Bag Purify Auto Air Freshener Lessen Radiation Indoor Decoration Toys (Red),Frcolor,671392193,7.65,Household Essentials,Air Fresheners,Moisture Absorbers,51
208,jiaroswwei Bamboo Charcoal Bag Odor Absorber Home Auto Air Purifier Freshener Deodorizer,jiaroswwei,1900291146,13.88,Household Essentials,Air Fresheners,Moisture Absorbers,32
215,Windfall Bamboo Charcoal Air Purifying Bag; Activated Charcoal Bags Odor Absorber; Moisture Absorber; Natural Car Air Freshener; Shoe Deodorizer; Odor Eliminators For Home,windfall,433270363,22.99,Household Essentials,Air Fresheners,Moisture Absorbers,54
326,SunSunrise Bamboo Charcoal Bag Odor Absorber Home Auto Air Purifier Freshener Deodorizer,SunSunRise,1306777669,11.98,Household Essentials,Air Fresheners,Moisture Absorbers,12
349,Damprid Rv & Boat Moisture Absorber; 4 lbs- Pack of 2 By Brand DampRid,DampRid,792304149,43.67,Household Essentials,Air Fresheners,Moisture Absorbers,77
454,Moso Natural Air Purifying Bag 200g. A Scent Free Odor Eliminator for Cars; Closets; Bathrooms; Pet Areas. Premium Moso Bamboo Charcoal Odor Absorber. (Charcoal Grey),Moso Natural,2052803835,29.99,Household Essentials,Air Fresheners,Moisture Absorbers,36
108,iMountek Flat Floor Mop Bucket Set Self Cleaning Wet Dry Usage with 2Pcs Reusable Microfiber Mop Pads,iMounTEK,540006293,26.99,Household Essentials,Cleaning Supplies,Mops,26
190,Alpine Industries Janitorial Cleaning Cart; 36-Quart Mop Bucket and Caution Wet Floor Sign Kit,Alpine Industries,974289181,119.95,Household Essentials,Cleaning Supplies,Mops,45
403,Arkwright Microfiber Tube Mop Head (14 Oz); Highly Absorbent; Quick Drying; Blue,Arkwright,724198419,15.89,Household Essentials,Cleaning Supplies,Mops,84
210,ACT Total Care Anticavity Fluoride Mouthwash Dry Mouth; 33.8 Ounce 4 Pack,ACT,665575406,53.11,Personal Care,Oral Care,Mouthwash,81
288,Native Natural Deodorant; Citrus & Herbal; Aluminum Free; 2.65 oz,Native,239961435,12.97,Personal Care,Bath & Body,Native,29
391,NUK Comfyâ„¢ Pacifiers; 6-18 Months; 6 Pack,NUK,677214890,20.58,Baby,Feeding,NUK Pacifiers,52
469,NYX Professional Makeup Suede Matte Lip Liner; velvet smooth matte finish; vegan formula Tea And Cookies,NYX Professional Makeup,369442800,3.97,Beauty,Beauty by Top Brands,NYX Professional Makeup,0
369,O-Cedar EasyWring Microfiber Spin Mop and Bucket Floor Cleaning System,O-Cedar,1859629083,50.89,Household Essentials,Household Essentials by Brand,O-Cedar,89
447,Mijaution 5 Piece Set Portable Travel Toothbrush Cover Wash Brush Cap Case Box,Mijaution,853426452,4.19,Personal Care,Oral Care,Oral Accessories,34
112,DenTek Wax For Braces 1 Each (Pack of 6),DenTek,540379146,9.57,Personal Care,Oral Care,Oral Pain Relief,91
158,Strawberry Orthodontics Wax Relief 10pcs Cases Fruit Scent Gum Irritation,Yohoo,414008982,7.89,Personal Care,Oral Care,Oral Pain Relief,59
314,Orthodontic Silicone Wax For Braces ~ With Mirror,Infa-Lab,1834395479,20.47,Personal Care,Oral Care,Oral Pain Relief,66
384,Benzodent Dental Pain Relieving Cream; 0.25 oz (Pack of 3),Benzodent,44604997,15.81,Personal Care,Oral Care,Oral Pain Relief,16
425,YZdevelop 1Box Braces Wax Fruit Scent Sticky Enough Oral Care Braces Aligners Use Dental Wax for Home,Yzdevelop,1329085072,6.39,Personal Care,Oral Care,Oral Pain Relief,54
431,Garosa Irritation Relief Wax 43mm Orthodontic Relief Wax Boxes 5 Boxes For Prevent Oral Ulcers Clean Teeth,Garosa,230537786,7.77,Personal Care,Oral Care,Oral Pain Relief,79
476,Tanac No Sting Liquid; 0.45 Oz,Tanac,46110888,9.77,Personal Care,Oral Care,Oral Pain Relief,93
275,Marketside Organic Spring Mix Salad; 5 oz,Marketside,13893732,3.13,Food,Fresh Produce,Organic Produce,49
2,DURASACK 48-Gallon Green Outdoor Polypropylene Reusable Lawn and Leaf Bag (1-Pack),DURASACK®,140920669,17.99,Patio & Garden,Outdoor Power Equipment,Outdoor Power Equipment Parts and Accessories,55
255,Sufanic Trash Bags;2-4 Gallon 75Pcs Compostable Garbage Bags;Unscented Leak Proof Biodegradable Bags Wastebasket Liners for Office;Home;Bathroom; Bedroom;Car;Kitchen;Pet;Pink,Sufanic,1717218216,9.79,Patio & Garden,Outdoor Power Equipment,Outdoor Power Equipment Parts and Accessories,76
332,The First Years Gumdrop Pacifiers Newborn Pacifier Green 0-3m 2 Pk,The First Years,160193472,9.95,Baby,Feeding,Pacifiers & Teethers,1
49,Marathon Center Pull Premium Soft and Absorbent Paper Towel Rolls with Hygienic and cost-effective; 1;800 Sheets (6 Rolls),Marathon,358636174,56.99,Household Essentials,Paper & Plastic,Paper Towels,50
246,"1PACK Essity Universal Hand Towel Roll; Notched; 7.5"" x 630 ft; White; 6 Rolls/Carton",Essity,482009712,165.17,Household Essentials,Paper & Plastic,Paper Towels,17
48,"The Pioneer Woman Christmas Tree Disposable Dinner Plates; 11.5""; 8 Count",The Pioneer Woman,824297173,2.98,Party & Occasions,Party Supplies,Party Tableware,65
74,"Amscan Big Party Pack 7"" Round Paper Plates; Jet Black; 50 Plates Per Pack; Set Of 2 Packs",Amscan,24621980,9.95,Party & Occasions,Party Supplies,Party Tableware,7
206,Comfy Package 5 inch Plastic Stirrers/Straws for Coffee & Cocktail - Black [1000 Pack],Comfy Package,552692616,20.86,Party & Occasions,Party Supplies,Party Tableware,40
227,JL Prime 100 Silver Plastic Cups; 9 Oz Heavy Duty Reusable Disposable Silver Rim Clear Plastic Cups; Old Fashioned Tumblers; Hard Plastic Drinking Cups for Party and Wedding,JL Prime,722252625,16.99,Party & Occasions,Party Supplies,Party Tableware,21
372,Cheers.US Pet Cape Superman Shirt and Cape Design Pet Cosplay Skin Friendly Dogs Cats Cloak Pet Apparel for Christmas,Cheers.US,885456443,11.99,Home Improvement,Emergency Prep,Pet Emergency Supplies,17
165,Bee's Wrap Large Beeswax Bread Wrap; Into the Woods Print - Plastic-Free Food Storage,Bee's Wrap,1569252326,14.99,Household Essentials,Paper & Plastic,Plastic Wrap,93
209,Duro Bag White Butcher Paper Roll - 18,Duro Bag,730132767,59.98,Household Essentials,Paper & Plastic,Plastic Wrap,10
370,Diconna 50Pcs Wax Paper Disposable Food Wrapping Greaseproof Paper Soap Packaging Paper,Diconna,857868909,12.99,Household Essentials,Paper & Plastic,Plastic Wrap,31
104,6 Sided Portable Baby Playpen Play Yard Playinghouse Interactive Kids Toddler Room With Safety Gate,Bestgoods,700908622,42.99,Baby,Baby Activities & Gear,Playards,54
102,Centrix Rotorazor Replacement with Blades; 2.24 Ounce,Cricket,400882150,14.55,Premium Beauty,Premium Bath & Body,Premium Body Hair Removal,33
245,GUESS S BLU BS 6.0,GUESS,544798584,7.98,Premium Beauty,Premium Bath & Body,Premium Deodorants & Antiperspirants,6
283,White Knight Facial Cleanser by Billy Jealousy for Men; 2 oz,Billy Jealousy,54707216,3,Premium Beauty,Premium Men's Grooming,Premium Face Care,51
304,Nioxin - System 2 Scalp Treatment 100ml/3.38oz,Nioxin,46022459,12.68,Premium Beauty,Premium Hair Care,Premium Hair & Scalp Treatments,6
287,Beekman 1802 Goat Milk Honyed Grapefruit Hand Lotion 12.5oz,Beekman 1802,258036838,34.99,Premium Beauty,Premium Bath & Body,Premium Hand Lotions & Foot Creams,6
373,Le Couvent des Minimes Gardener's Hand Healer Cream Packettes ( Box of 24) - Made in France,Le Couvent Des Minimes,351053591,12.49,Premium Beauty,Premium Bath & Body,Premium Hand Lotions & Foot Creams,98
381,Peripera Ink Airy Velvet Lip Tint #001 Hotspot Red 4g (0.14 oz),Peripera,406987577,15.99,Premium Beauty,Premium K-Beauty,Premium Korean Makeup,75
63,Giorgio Beverly Hills Body Spray for Women; 8 Oz,Giorgio Beverly Hills,49984558,12.52,Premium Beauty,Premium Fragrance,Premium Perfume for Women,75
306,Diptyque Eau Duelle Unisex,Diptyque,290465168,168.6,Premium Beauty,Premium Fragrance,Premium Perfume for Women,99
126,Elta MD UV Daily Broad Spectrum TINTED  SPF 40; 1.7oz_48g; Fast Ship,EltaMD,840003489,29.5,Premium Beauty,Premium Skincare,Premium Sun Care and Sunscreens,12
128,Oribe Brilliance & Shine Shampoo and Conditioner Bundle,Oribe,428515331,79.99,Premium Beauty,Premium Hair Care,Premium Value Sizes & Sets,14
72,Neutrogena Hydro Boost Moisturizing Lip Gloss; 10 Soft Blush; 0.1 oz,Neutrogena,130141765,7.76,Beauty,Seasonal Beauty,Prom-ready Beauty,8
99,Levtex Baby - Kenya Baby Bed Set - Grey and Taupe - Jungle Animal - 5 Piece Set Includes Reversible Quilt; Fitted Sheet; Dust Ruffle; Hamper; Wall Decals,Levtex Home,745725783,139.99,Home,Bedding,Quilts,12
44,Gillette Sensor3 Simple Men's Disposable Razors; 4 Count,Gillette,857731883,19.23,Personal Care,Shaving,Razors,56
60,Schick Womens Intuition Razor Pure Nourishment 3 Pack,Schick,571827507,45.71,Personal Care,Shaving,Razors,60
105,Gillette Labs with Exfoliating Bar Men's Razor; Includes 2 Razor Blade Refills and Premium Magnetic Stand,Gillette,342996837,22.97,Personal Care,Shaving,Razors,80
133,Schick Intuition Island Berry Women's Razor Blade Refills; 3 Ct,Schick,55316679,21.59,Personal Care,Shaving,Razors,66
196,BIC Soleil Disposable Women's Razors; 10-Count Multi-Pack; 3 Soleil Simply Smooth Razors; 7 Soleil Sensitive Razors; 3 Blades for a Smooth Shave,BIC,878236442,18.91,Personal Care,Shaving,Razors,19
203,Schick Quattro for Women Razor Refill Blade Cartridges; Ultra Smooth; 4 Ct. + LA Cross Tweezers 71817,Schick,451844350,13.49,Personal Care,Shaving,Razors,18
218,"6"" Professional Hairdressing Hair Scissors Barber Shears Titanium Razor TIJERAS",Zeepk,725922415,40.99,Personal Care,Shaving,Razors,95
353,BIC Click 4 Soleil Women's Disposable Razors; 4 Blades; 1 Handle + 4 Cartridges; 5 Piece Razor Set,BIC,622612909,4.58,Personal Care,Shaving,Razors,12
398,Schick Hydro Silk 5-Blade Sensitive Care Women's Disposable Razors; 3 Ct; Hydrates & Protects From From Irritation; Hypoallergenic Formula,Schick,23774329,10.98,Personal Care,Shaving,Razors,36
446,Eyebrow Razor; 3pcs Eyebrow Trimmers; Multipurpose Tool for Trimming and Shaving Eyebrows; Facial Razor; Face Razors; Eyebrow Trimmer; Shaper Shaver for Women and Men,Stibadium,227637260,6.98,Personal Care,Shaving,Razors,63
94,Revlon Ultra HD Gel Lipcolor - HD Arabica,Revlon,142296539,5.98,Beauty,Beauty by Top Brands,Revlon,28
250,Revlon Face Defuzzers Hair Removal Tool; Dermaplaning Tool Set; Multipurpose Exfoliating Facial Razor (Pack of 2),Revlon,646651044,5.48,Beauty,Beauty by Top Brands,Revlon,60
400,"Revlon Perfect Heat Professional 1.5"" Ceramic Tourmaline Flat Iron Hair Straightener; Ionic; Black",Revlon,298760785,33.49,Beauty,Beauty by Top Brands,Revlon,50
207,Safavieh Madison Heather Floral Area Rug,Safavieh,601444509,37.89,Home,Decor,Rugs,69
428,Camco Adjustable Broom and Dustpan; Gets In Small Spaces and Corners; Telescoping Broom Handle Adjusts From 24 Inches to 52 Inches; Ideal for RV; Marine; And Home Use (43623),Camco,199570017,28.22,Auto & Tires,RV Parts & Accessories,RV Patio Accessories,98
204,Scrubbing Bubbles Fresh Brush Flushables Refill; Toilet and Toilet Bowl Cleaner; Eliminates Odors and Limescale; Citrus Action Scent; 10ct,Scrubbing Bubbles,986078770,15,Household Essentials,Household Essentials by Brand,Scrubbing Bubbles,91
495,Sebastian Professional Dark Shampoo & Conditioner Duo - 8.4 oz each - New!,Sebastian Professional,880264531,30.99,Premium Beauty,Featured Brands,Sebastian Professional,85
264,Super Sunnies Tan Sunless Aerosol Tan dark: medium to dark skin tone,Super Sunnies,387843431,12,Personal Care,Sunscreen,Self-Tanners & Bronzers,60
472,Natural Liquid Fabric Softener; Free And Clear; 42 Loads; 32 Oz Bottle; 6/carton,Seventh Generation,963487549,53.99,Household Essentials,Household Essentials by Brand,Seventh Generation,38
79,TheraNeem Gentle Therap Shampoo | Soothing Formula w/ Organic Neem Oil | All Hair Types & Sensitive Scalp; Vegan | 12oz,OGX,177473103,13.49,Beauty,Hair Care,Shampoo,39
151,Gillette Skin Ultra Sensitive Shave Mousse; 8.1oz,Gillette,935578791,6.97,Personal Care,Shaving,Shaving Cream,93
392,Coca-Cola with Coffee Caramel Can; 12 fl oz,Coca-Cola,964883978,1.98,Food,Beverages,Soda Pop,9
239,Diva Stuff Sugar Cube Body Buff Scrub; Exfoliates and Hydrates Skin - Cucumber Mint; 8oz,Diva Stuff,678349702,11.99,Personal Care,Bath & Body,Spa & Massage,51
290,M3 Naturals Himalayan Salt Body Scrub Infused with Collagen and Stem Cell - Natural Exfoliating Salt Scrub for Acne; Cellulite; Deep Cleansing; Scars; Wrinkles; Exfoliate and Moisturize Skin 12 oz,M3 Naturals,816580727,46.09,Personal Care,Bath & Body,Spa & Massage,48
336,"Swiss Diamond 10.25"" Cast Aluminum Nonstick Fry Pan With Lid | HD Classic",Swiss Diamond,49758944,129.99,Personal Care,Bath & Body,Spa & Massage,33
339,Gatorlyte Rapid Rehydration Electrolyte Beverage; 3 Flavor Variety Pack; 20oz Bottles (12 Pack),Gatorade,1103444158,45.96,Food,Beverages,Sports Drinks,71
281,Abbey & Sullivan Linen Spray; Sandalwood Patchouli; 16 oz.,Abbey & Sullivan,951519052,8.99,Household Essentials,Air Fresheners,Spray Air Fresheners,68
448,2 Pack!! Blunt Effects Air Freshener Car/Home Oder Neutralizing Spray (Scent: Kiss of Mint),Blunteffects,861640673,10.99,Household Essentials,Air Fresheners,Spray Air Fresheners,19
51,OxiClean Laundry Stain Remover Bundle Pack: 21.5 oz. Spray Bottle + 56 oz. Refill - Pack of 2,OxiClean,486602048,29.52,Household Essentials,Laundry,Stain Removers,91
382,Incredible! 16 oz. Stain Remover Pack of 2 Made in USA,Incredible!,447036451,20.54,Household Essentials,Laundry,Stain Removers,7
435,HOTBEST Universal Footmuff Cosy Toes Apron Liner Buggy Pram Stroller Baby Toddler Star,HOTBEST,852817707,29.98,Baby,Strollers,Stroller Accessories,22
297,Hawaiian Tropic Everyday Active Clear Spray Sunscreen 6 Oz; SPF 50; Sprays on Clear; Sweat & Water Resistant (80 Minutes) Sunblock,Hawaiian Tropic,123645028,14.85,Personal Care,Sunscreen,Sunscreen,97
409,Eucerin Sensitive Mineral Broad Spectrum Lightweight Sunscreen Lotion; SPF 50; 4 fl oz,Eucerin,904251650,12.99,Personal Care,Sunscreen,Sunscreen,57
272,Sunfood Superfoods Organic Superfood Smoothie Powder; 8 oz,Sunfood Superfoods,111981164,18.99,Health and Medicine,Vitamins and Supplements,Superfoods,61
276,Diversey Oxivir 1 RTU Disinfectant Cleaner 32 oz Spray Bottle 12/Carton 100850916,Diversey,672017428,112.49,Household Essentials,Cleaning Supplies,Surface Care & Protection,57
465,Parker Bailey Granite & Stone Cleaner 32oz,Parker & Bailey,726259147,20.63,Household Essentials,Cleaning Supplies,Surface Cleaners,17
252,Swiffer Sweeper 17.8 in. W X 10 in. L Dry Cloth Mop Pad 16 pk,Swiffer,1593343540,31.9,Household Essentials,Household Essentials by Brand,Swiffer,28
298,Swiffer 92815 Disposable Dry & Wet Sweeper Starter Kit,Swiffer,155027976,43.65,Household Essentials,Household Essentials by Brand,Swiffer,51
12,Celestial Seasonings Tea Cinnamon Apple Spice Keurig Single-Serve K-Cup Pods; 24 Count,Celestial Seasonings,127298036,50.99,Food,Beverages,Tea,48
41,WuFuYuan Bubble Tea Boba Tapioca Pearl 2 Packs of Black 8.8 OZ (250 G) + 1 Pack of 50 Boba Straws (Variety Color),Wufuyuan,643958461,26.76,Food,Beverages,Tea,51
86,Tiesta Tea Lean Green Machine; Light Citrus Loose Leaf Green Tea; 1.9 oz,Tiesta Tea,39556341,7.95,Food,Beverages,Tea,70
202,Prospect Tea DECAF Peppermint Herbal Tea Pods;  Keurig 2.0 K-Cup Brewer Compatible; Peppermint Heights; 40 Count,Prospect Tea Co.,221998075,21,Food,Beverages,Tea,39
273,Arizona Ice Tea with Lemon Flavor; 24 Pk./16 oz. Net Quantity,AriZona,773972440,31.3,Food,Beverages,Tea,92
299,TerraVita Red Apple Cinnamon Green Tea; (Red Apple Cinnamon;Loose Leaf Green Tea; 4 oz; 1-Pack; Zin: 541623),TerraVita,312304395,8.16,Food,Beverages,Tea,98
406,Ayurvedic Anti-Inflammatory tea - Organic loose leaf Turmeric Tea with Ginger; Lemongrass and Licorice (loose tea; 6 oz.),DelighTeas,483717302,34.06,Food,Beverages,Tea,99
410,Celestial Seasonings Green Tea Decaffeinated -- 20 Tea Bags,Celestial Seasonings,676654819,5.99,Food,Beverages,Tea,15
451,Tea Forte Tea Tasting Assortment Presentation Box Tea Sampler; Assorted Variety Tea Box; 20 Handcrafted Pyramid Tea Infuser Bags â€“ Black Tea; White Tea; Green Tea; Herbal Tea,Tea Forte,808195266,34.88,Food,Beverages,Tea,27
494,Twinings Of London Tea Variety Pack K-Cups For Keurig; 12 Count (Pack Of 3) (English Breakfast; Earl Grey; Green),Twinings,627465498,40.99,Food,Beverages,Tea,23
14,zhongxinda Teeth Whitening Pen Tooth Gel White Teeth Kit Cleaning Bleaching Remove Stains Oral Hygiene Whitening Strips,zhongxinda,296105410,5.66,Personal Care,Oral Care,Teeth Whitening,23
19,Plaque Remover for Teeth - Sonic Electric Tooth Cleaner; Tartar Calculus Tooth Stain Remover Cleaning Tool Kit; Safe for Adult Kids,prabensei,798493151,29.99,Personal Care,Oral Care,Teeth Whitening,36
166,AsaVea Premium Teeth Whitening Kit; LED Light; At-Home System Without Pain or Sensitivity; Effectively Removes Stains for Whiter Teeth,AsaVea,378638803,29.99,Personal Care,Oral Care,Teeth Whitening,26
368,ProPearls Professional At Home Teeth Whitening Kit - A Complete 10 Piece Set Includes Everything Needed for Instant Results,Alayna,441336216,18.99,Personal Care,Oral Care,Teeth Whitening,63
5,Comforter set matching fitted sheet set and pillow sham plushie toy twin size butterfly blue bag print design supersoft for girls; boys bedroom décor,SAMIMPORT-2011,907696530,45,Baby,Toddlers' Room,Toddler Bedding,53
487,TL Care Inc 4 Piece Bedding Sets; Toddler Bed with Fitted Sheet; Top Sheet; Pillow Sham; Comforter,TL Care Inc,48519962,81.71,Baby,Toddlers' Room,Toddler Bedding,75
305,Dicasser Waterproof Rice Pocket Sleeveless Eva Velcro Bib,Dicasser,390558897,5.77,Baby,Feeding,Toddler Bibs,1
7,YOLAI Baby Food Supplement Grinding Bowl Manual Food Grinder Baby Food Supplement,YOLAI,1989345607,15.9,Baby,Feeding,Toddler Feeding,1
130,Electric Mini Garlic Chopper Food Chopper Portable Small Food Processor for Pepper Garlic Chili Vegetable Nuts Mincer/Grinder; Baby Food Maker,Hemousy,953842488,19.41,Baby,Feeding,Toddler Feeding,79
217,Dinnerware Baby Food Supplement Grinding Bowl Manual Food Grinder Baby Food Supplement,Ounabing,2306297934,18.79,Baby,Feeding,Toddler Feeding,33
293,PAW Patrol 14 in x 16.75 in Blue/Brown Polyester Floor Pillow,PAW Patrol,293676322,29.1,Baby,Toddlers' Room,Toddlers' Room Decor,69
131,50% Off Clearance Botrong Magic Lasting Automatic Flush Toilet Cleaner Stain Remover Bottled,Botrong,1995922383,8.99,Household Essentials,Cleaning Supplies,Toilet Bowl Cleaners,46
156,Honeeladyy Sales Pipe Cleaning Stick Household Sterilization Deodorant Toilet Toilet Kitchen Floor Sewer Cleaning Dredging Agent,Honeeladyy,1265281263,3.97,Household Essentials,Cleaning Supplies,Toilet Bowl Cleaners,81
267,Funny Toilet Paper Roll Birthday Decoration Birthday Gifts for Women Men Gift,Mantaa,1756365597,9.79,Household Essentials,Paper & Plastic,Toilet Paper,50
320,Happy 50th Birthday Toilet Paper Prank Funny Gag Gift!,Printed Toilet Paper,977921234,16.99,Household Essentials,Paper & Plastic,Toilet Paper,4
396,Tork Mini-Jumbo Roll Bath Tissue Septic Safe White 12024402,Tork,800467070,59.99,Household Essentials,Paper & Plastic,Toilet Paper,80
459,Marathon 2-Ply Bath Tissue 48 ct 470 Sheets,Marathon,563355725,75.96,Household Essentials,Paper & Plastic,Toilet Paper,10
440,Oral B Kids Spider Man Toothbrushes; Twin Pack; 2 Ea,Oral-B,553468387,9.23,Personal Care,Oral Care,Toothbrushes,32
27,ARM & HAMMER Advanced White Extreme Whitening Toothpaste -Clean Mint - Fluoride Toothpaste,Arm & Hammer,10291032,3.53,Personal Care,Oral Care,Toothpaste,50
22,"Hefty Easy Flaps 30-gallon Large Trash Bags 30 gal - 30"" Width x 33"" Length x 0.85 mil (22 Micron) Thickness - Black - 40/Box - Can",Hefty,442774575,20.96,Household Essentials,Paper & Plastic,Trash Bags,72
119,Plasticplace Simplehuman* Code M Compatible Drawstring Trash Bags; 12 Gallon (200 Count),Plasticplace,792738769,48.89,Household Essentials,Paper & Plastic,Trash Bags,67
248,Trash Bags 4 Gallon Heavy Duty Drawstring Trash Bags; 19.7'' x 17.7''; 75 Counts/5 Rolls,fencesmart4u,449716077,10.65,Household Essentials,Paper & Plastic,Trash Bags,27
498,"Large Rubber Bands; Cat Litter Liner Band; Trash Can Liner; 7"" Fits up to 13 Gal",NOBRAND,1720031025,12.99,Household Essentials,Paper & Plastic,Trash Bags,1
462,e.l.f. Bite Size Face Duo; Lychee,e.l.f. Cosmetics,272935072,6,Beauty,Travel Size Beauty,Travel Size Makeup,25
176,Waterloo Watermelon Sparkling Water; 12 fl oz; 8 Pack,Waterloo Sparkling Water,667702157,37.99,Food,Beverages,Water,70
482,Electric Splatter Water Ball;Highly Assembled Toy;with 35000 Water Bead;for Ages 12+,Kufutee,1958578729,37,Food,Beverages,Water,48
31,Mio Energy Liquid Water Enhancer;1.62 Fluid Ounce (Blueberry Lemonade; Pack - 6),MiO,801145012,42.99,Food,Beverages,Water Flavoring,82
212,Mio Energy Tropical Fusion Liquid Water Enhancer; 1.62 Fl Oz; 3 Pack,Generic,807723519,25.99,Food,Beverages,Water Flavoring,43
234,Water Dental Flosser Cordless for Family; Braces & Bridges Care 3-Mode Waterproof Teeth Cleaner Portable and Rechargeable 300ml Large Water Tank 300ML Capacity &10 Water Pressure Levels,Lollanda,585885232,26.52,Personal Care,Oral Care,Water Flossers,94
277,Water Dental Flosser Cordless Oral Irrigator 3 Modes and 5 Jet Tips Waterproof Portable and Rechargeable 300ML Capacity & 5 Nozzles Gift for Friends,Lollanda,987978060,26.52,Personal Care,Oral Care,Water Flossers,14
415,Oral Power Floss Dental Water Jet Seen on TV Air Power Cords Tooth Pick Braces,Morease,812704354,8.89,Personal Care,Oral Care,Water Flossers,44
33,Famure Air Fryer Silicone Pot - Food Safe Replacement for Parchment Liner Paper - Reusable Basket Heat Resistant Bowl for Air Fryers Oven Accessories;Diameter 6.9-7.9 Inch,Famure,555082620,11.99,Household Essentials,Paper & Plastic,Wax and Parchment Paper,5
110,Air Fryer Disposable Square Paper Liner 150PCS; Air Fryer Liners Square Paper - Non-stick Airfryer Liners for Baking 6.7 Inches - Natural,SKYCARPER,892479665,16.24,Household Essentials,Paper & Plastic,Wax and Parchment Paper,6
301,100PCS Disposable Non-Stick Parchment Paper Cookie Baking Sheets Oil-Proof Paper Grease Proof Paper - Orange Tower,Frcolor,1071074600,11.89,Household Essentials,Paper & Plastic,Wax and Parchment Paper,58
315,100pcs Greaseproof Perforated Oven Cooking Baking Paper Sheet for Steaming Basket Kitchen Accessories 19x19cm,menolana,1649811170,9.55,Household Essentials,Paper & Plastic,Wax and Parchment Paper,81
352,Reusable Silicone Air Fryer Liners; Easy Clean Air Fryer Accessories; Non Stick; AirFryer Accessory Parchment Paper Replacement,SKYCARPER,321281089,10,Household Essentials,Paper & Plastic,Wax and Parchment Paper,15
379,Air Fryer Parchment Paper Liners;50Pcs Disposable Non-stick Air Fryer Liners;Baking Paper for Air Fryer Oil-proof Waterproof Food Grade Parchment for Baking Roasting Microwave Oven Baking,Color Profit Kids,656331783,15.88,Household Essentials,Paper & Plastic,Wax and Parchment Paper,49
399,Air Fryer Silicone Pot - Replacement of Parchment Paper Liners - No More Cleaning Basket After Using the Air fryer - Food Safe Air fryers Oven Accessories,Keimprove,679676355,8.89,Household Essentials,Paper & Plastic,Wax and Parchment Paper,68
405,"200pcs Air Fryer Disposable Paper Liner; 6.3"" Air Fryer Liners(Natural)",Elbourn,857627870,22.95,Household Essentials,Paper & Plastic,Wax and Parchment Paper,9
496,100PCS Air Fryer Parchment Paper Liners Non-Stick Disposable Air Fryer Liners Basket Unperforated Round Parchment Paper Air Fryer Liners for Baking Roasting Microwave (8.3 Inches;Natural),JANDEL,545039637,29.98,Household Essentials,Paper & Plastic,Wax and Parchment Paper,75
52,Leaveforme Baby Wipes Dispenser Stain Resistant Dust-proof with Lid Non-Slip Wet Wipes Box Holder for Bedroom,Leaveforme,1294286153,6.02,Baby,New Baby Products,Baby Wipes,85
197,Portable Baby Kids Wet Wipes Clutch Carrying Bag Wet Paper Tissue Container,Grand Birches,476209796,8.09,Baby,New Baby Products,Baby Wipes,12
244,OOKWE Baby Wet Wipe Storage Box for Home Kitchen Countertops Wipes Dispenser Dustproof,OOKWE,237855924,10.11,Baby,New Baby Products,Baby Wipes,45
253,Baby Wipe Warmer Heater Napkin Thermostat Household Portable Wet Tissue Heating Box Insulation Dispenser with Precise Temperature Control,BIlinli,1087866359,27.76,Baby,New Baby Products,Baby Wipes,91
337,Dpityserensio Bathroom Storage Case Box Baby Wipes Dispenser Wipe Holder With Lids Case For Refillable Wipe Container With Sealing Design Clearance,Dpityserensio,1201505265,6.49,Baby,New Baby Products,Baby Wipes,59
430,hirigin Wet Wipes Dispenser with Lid Dust-proof Disposable Mask Storage Box,Hirigin,879423444,11.57,Baby,New Baby Products,Baby Wipes,34
484,TAONMEISU Wipes Heater Warmer Portable Diaper Warmer Wet Wipes Dispenser Innovative Surround Heating Warms Quickly And Evenly Large Capacity For Home expert,TAONMEISU,1586002558,81.97,Baby,New Baby Products,Baby Wipes,93
497,Tissue Box with Lid Baby Wipes Dispenser Pouch for Napkin Wet Wipe Storage Box For Home Car New.,LADAEN,2048850026,11.59,Baby,New Baby Products,Baby Wipes,96
184,Great Value Disposable Compostable Plates; 10 in; 20 count,Great Value,942421836,2.98,Household Essentials,Our Promise,Party Tableware,65
292,Philips Epilator Series 8000 with 3 Accessories,Philips Norelco,352565058,49.95,Personal Care,Shaving,Body Hair Removal,73
